File,CEGAR,Cheetah,S52SAT
"v03m1d2C[[0,0,1]]p[[[],[],[1,0,0,0]]]nm0.5np0.5c135s0.intohylo",0.25,-1.0,-1.0
"v03m1d2C[[0,0,1]]p[[[],[],[1,0,0,0]]]nm0.5np0.5c135s1.intohylo",0.25,-1.0,-1.0
"v03m1d2C[[0,0,1]]p[[[],[],[1,0,0,0]]]nm0.5np0.5c135s2.intohylo",0.25,-1.0,-1.0
"v03m1d2C[[0,0,1]]p[[[],[],[1,0,0,0]]]nm0.5np0.5c135s3.intohylo",0.25,-1.0,-1.0
"v03m1d2C[[0,0,1]]p[[[],[],[1,0,0,0]]]nm0.5np0.5c135s4.intohylo",0.25,-1.0,0.25
"v03m1d2C[[0,0,1]]p[[[],[],[1,0,0,0]]]nm0.5np0.5c135s5.intohylo",0.25,-1.0,-1.0
"v03m1d2C[[0,0,1]]p[[[],[],[1,0,0,0]]]nm0.5np0.5c135s6.intohylo",0.25,-1.0,-1.0
"v03m1d2C[[0,0,1]]p[[[],[],[1,0,0,0]]]nm0.5np0.5c135s7.intohylo",0.25,8.0,-1.0
"v03m1d2C[[0,0,1]]p[[[],[],[1,0,0,0]]]nm0.5np0.5c135s8.intohylo",0.25,-1.0,-1.0
"v03m1d2C[[0,0,1]]p[[[],[],[1,0,0,0]]]nm0.5np0.5c135s9.intohylo",0.25,8.0,-1.0
"v03m1d2C[[0,0,1]]p[[[],[],[1,0,0,0]]]nm0.5np0.5c150s0.intohylo",0.25,8.0,-1.0
"v03m1d2C[[0,0,1]]p[[[],[],[1,0,0,0]]]nm0.5np0.5c150s1.intohylo",0.25,-1.0,-1.0
"v03m1d2C[[0,0,1]]p[[[],[],[1,0,0,0]]]nm0.5np0.5c150s2.intohylo",0.25,-1.0,-1.0
"v03m1d2C[[0,0,1]]p[[[],[],[1,0,0,0]]]nm0.5np0.5c150s3.intohylo",0.25,-1.0,-1.0
"v03m1d2C[[0,0,1]]p[[[],[],[1,0,0,0]]]nm0.5np0.5c150s4.intohylo",0.25,-1.0,-1.0
"v03m1d2C[[0,0,1]]p[[[],[],[1,0,0,0]]]nm0.5np0.5c150s5.intohylo",0.25,-1.0,-1.0
"v03m1d2C[[0,0,1]]p[[[],[],[1,0,0,0]]]nm0.5np0.5c150s6.intohylo",0.25,-1.0,-1.0
"v03m1d2C[[0,0,1]]p[[[],[],[1,0,0,0]]]nm0.5np0.5c150s7.intohylo",0.25,8.0,-1.0
"v03m1d2C[[0,0,1]]p[[[],[],[1,0,0,0]]]nm0.5np0.5c150s8.intohylo",0.25,-1.0,-1.0
"v03m1d2C[[0,0,1]]p[[[],[],[1,0,0,0]]]nm0.5np0.5c150s9.intohylo",0.25,-1.0,-1.0
"v03m1d2C[[0,0,1]]p[[[],[],[1,0,0,0]]]nm0.5np0.5c165s0.intohylo",0.25,-1.0,-1.0
"v03m1d2C[[0,0,1]]p[[[],[],[1,0,0,0]]]nm0.5np0.5c165s1.intohylo",0.25,-1.0,-1.0
"v03m1d2C[[0,0,1]]p[[[],[],[1,0,0,0]]]nm0.5np0.5c165s2.intohylo",0.25,-1.0,-1.0
"v03m1d2C[[0,0,1]]p[[[],[],[1,0,0,0]]]nm0.5np0.5c165s3.intohylo",0.25,-1.0,-1.0
"v03m1d2C[[0,0,1]]p[[[],[],[1,0,0,0]]]nm0.5np0.5c165s4.intohylo",0.25,-1.0,-1.0
"v03m1d2C[[0,0,1]]p[[[],[],[1,0,0,0]]]nm0.5np0.5c165s5.intohylo",0.25,-1.0,-1.0
"v03m1d2C[[0,0,1]]p[[[],[],[1,0,0,0]]]nm0.5np0.5c165s6.intohylo",0.25,-1.0,-1.0
"v03m1d2C[[0,0,1]]p[[[],[],[1,0,0,0]]]nm0.5np0.5c165s7.intohylo",0.25,-1.0,-1.0
"v03m1d2C[[0,0,1]]p[[[],[],[1,0,0,0]]]nm0.5np0.5c165s8.intohylo",0.25,-1.0,-1.0
"v03m1d2C[[0,0,1]]p[[[],[],[1,0,0,0]]]nm0.5np0.5c165s9.intohylo",0.25,-1.0,-1.0
"v03m1d2C[[0,0,1]]p[[[],[],[1,0,0,0]]]nm0.5np0.5c180s0.intohylo",0.25,-1.0,-1.0
"v03m1d2C[[0,0,1]]p[[[],[],[1,0,0,0]]]nm0.5np0.5c180s1.intohylo",0.25,-1.0,-1.0
"v03m1d2C[[0,0,1]]p[[[],[],[1,0,0,0]]]nm0.5np0.5c180s2.intohylo",0.25,-1.0,-1.0
"v03m1d2C[[0,0,1]]p[[[],[],[1,0,0,0]]]nm0.5np0.5c180s3.intohylo",0.25,-1.0,-1.0
"v03m1d2C[[0,0,1]]p[[[],[],[1,0,0,0]]]nm0.5np0.5c180s4.intohylo",0.25,-1.0,-1.0
"v03m1d2C[[0,0,1]]p[[[],[],[1,0,0,0]]]nm0.5np0.5c180s5.intohylo",0.25,-1.0,-1.0
"v03m1d2C[[0,0,1]]p[[[],[],[1,0,0,0]]]nm0.5np0.5c180s6.intohylo",0.25,-1.0,-1.0
"v03m1d2C[[0,0,1]]p[[[],[],[1,0,0,0]]]nm0.5np0.5c180s7.intohylo",0.25,-1.0,-1.0
"v03m1d2C[[0,0,1]]p[[[],[],[1,0,0,0]]]nm0.5np0.5c180s8.intohylo",0.25,-1.0,-1.0
"v03m1d2C[[0,0,1]]p[[[],[],[1,0,0,0]]]nm0.5np0.5c180s9.intohylo",0.25,-1.0,-1.0
"v04m1d2C[[0,1,4]]p[[[],[0,3,0],[0,3,3,0]]]nm0.5np0.5c200s0.intohylo",0.25,1.0,8.0
"v04m1d2C[[0,1,4]]p[[[],[0,3,0],[0,3,3,0]]]nm0.5np0.5c200s1.intohylo",0.25,0.5,4.0
"v04m1d2C[[0,1,4]]p[[[],[0,3,0],[0,3,3,0]]]nm0.5np0.5c200s2.intohylo",0.25,0.5,2.0
"v04m1d2C[[0,1,4]]p[[[],[0,3,0],[0,3,3,0]]]nm0.5np0.5c200s3.intohylo",0.25,0.5,2.0
"v04m1d2C[[0,1,4]]p[[[],[0,3,0],[0,3,3,0]]]nm0.5np0.5c200s4.intohylo",0.25,0.5,2.0
"v04m1d2C[[0,1,4]]p[[[],[0,3,0],[0,3,3,0]]]nm0.5np0.5c200s5.intohylo",0.25,0.5,4.0
"v04m1d2C[[0,1,4]]p[[[],[0,3,0],[0,3,3,0]]]nm0.5np0.5c200s6.intohylo",0.25,0.5,4.0
"v04m1d2C[[0,1,4]]p[[[],[0,3,0],[0,3,3,0]]]nm0.5np0.5c200s7.intohylo",0.25,0.5,4.0
"v04m1d2C[[0,1,4]]p[[[],[0,3,0],[0,3,3,0]]]nm0.5np0.5c200s8.intohylo",0.25,0.5,4.0
"v04m1d2C[[0,1,4]]p[[[],[0,3,0],[0,3,3,0]]]nm0.5np0.5c200s9.intohylo",0.25,0.5,8.0
"v04m1d2C[[0,1,4]]p[[[],[0,3,0],[0,3,3,0]]]nm0.5np0.5c220s0.intohylo",0.25,1.0,8.0
"v04m1d2C[[0,1,4]]p[[[],[0,3,0],[0,3,3,0]]]nm0.5np0.5c220s1.intohylo",0.25,1.0,2.0
"v04m1d2C[[0,1,4]]p[[[],[0,3,0],[0,3,3,0]]]nm0.5np0.5c220s2.intohylo",0.25,0.5,2.0
"v04m1d2C[[0,1,4]]p[[[],[0,3,0],[0,3,3,0]]]nm0.5np0.5c220s3.intohylo",0.25,0.5,8.0
"v04m1d2C[[0,1,4]]p[[[],[0,3,0],[0,3,3,0]]]nm0.5np0.5c220s4.intohylo",0.25,0.5,4.0
"v04m1d2C[[0,1,4]]p[[[],[0,3,0],[0,3,3,0]]]nm0.5np0.5c220s5.intohylo",0.25,1.0,2.0
"v04m1d2C[[0,1,4]]p[[[],[0,3,0],[0,3,3,0]]]nm0.5np0.5c220s6.intohylo",0.25,0.5,2.0
"v04m1d2C[[0,1,4]]p[[[],[0,3,0],[0,3,3,0]]]nm0.5np0.5c220s7.intohylo",0.25,1.0,4.0
"v04m1d2C[[0,1,4]]p[[[],[0,3,0],[0,3,3,0]]]nm0.5np0.5c220s8.intohylo",0.25,1.0,2.0
"v04m1d2C[[0,1,4]]p[[[],[0,3,0],[0,3,3,0]]]nm0.5np0.5c220s9.intohylo",0.25,1.0,4.0
"v04m1d2C[[0,1,4]]p[[[],[0,3,0],[0,3,3,0]]]nm0.5np0.5c240s0.intohylo",0.25,0.5,4.0
"v04m1d2C[[0,1,4]]p[[[],[0,3,0],[0,3,3,0]]]nm0.5np0.5c240s1.intohylo",0.25,1.0,4.0
"v04m1d2C[[0,1,4]]p[[[],[0,3,0],[0,3,3,0]]]nm0.5np0.5c240s2.intohylo",0.25,1.0,8.0
"v04m1d2C[[0,1,4]]p[[[],[0,3,0],[0,3,3,0]]]nm0.5np0.5c240s3.intohylo",0.25,1.0,4.0
"v04m1d2C[[0,1,4]]p[[[],[0,3,0],[0,3,3,0]]]nm0.5np0.5c240s4.intohylo",0.25,1.0,2.0
"v04m1d2C[[0,1,4]]p[[[],[0,3,0],[0,3,3,0]]]nm0.5np0.5c240s5.intohylo",0.25,1.0,2.0
"v04m1d2C[[0,1,4]]p[[[],[0,3,0],[0,3,3,0]]]nm0.5np0.5c240s6.intohylo",0.25,1.0,2.0
"v04m1d2C[[0,1,4]]p[[[],[0,3,0],[0,3,3,0]]]nm0.5np0.5c240s7.intohylo",0.25,1.0,8.0
"v04m1d2C[[0,1,4]]p[[[],[0,3,0],[0,3,3,0]]]nm0.5np0.5c240s8.intohylo",0.25,1.0,2.0
"v04m1d2C[[0,1,4]]p[[[],[0,3,0],[0,3,3,0]]]nm0.5np0.5c240s9.intohylo",0.25,1.0,4.0
"v04m1d2C[[0,1,4]]p[[[],[0,3,0],[0,3,3,0]]]nm0.5np0.5c260s0.intohylo",0.25,1.0,4.0
"v04m1d2C[[0,1,4]]p[[[],[0,3,0],[0,3,3,0]]]nm0.5np0.5c260s1.intohylo",0.25,1.0,4.0
"v04m1d2C[[0,1,4]]p[[[],[0,3,0],[0,3,3,0]]]nm0.5np0.5c260s2.intohylo",0.25,1.0,4.0
"v04m1d2C[[0,1,4]]p[[[],[0,3,0],[0,3,3,0]]]nm0.5np0.5c260s3.intohylo",0.25,1.0,4.0
"v04m1d2C[[0,1,4]]p[[[],[0,3,0],[0,3,3,0]]]nm0.5np0.5c260s4.intohylo",0.25,1.0,4.0
"v04m1d2C[[0,1,4]]p[[[],[0,3,0],[0,3,3,0]]]nm0.5np0.5c260s5.intohylo",0.25,1.0,4.0
"v04m1d2C[[0,1,4]]p[[[],[0,3,0],[0,3,3,0]]]nm0.5np0.5c260s6.intohylo",0.25,1.0,4.0
"v04m1d2C[[0,1,4]]p[[[],[0,3,0],[0,3,3,0]]]nm0.5np0.5c260s7.intohylo",0.25,1.0,4.0
"v04m1d2C[[0,1,4]]p[[[],[0,3,0],[0,3,3,0]]]nm0.5np0.5c260s8.intohylo",0.25,1.0,4.0
"v04m1d2C[[0,1,4]]p[[[],[0,3,0],[0,3,3,0]]]nm0.5np0.5c260s9.intohylo",0.25,1.0,8.0
"v04m1d2C[[0,1,4]]p[[[],[0,3,0],[0,3,3,0]]]nm0.5np0.5c280s0.intohylo",0.25,2.0,8.0
"v04m1d2C[[0,1,4]]p[[[],[0,3,0],[0,3,3,0]]]nm0.5np0.5c280s1.intohylo",0.25,1.0,4.0
"v04m1d2C[[0,1,4]]p[[[],[0,3,0],[0,3,3,0]]]nm0.5np0.5c280s2.intohylo",0.25,1.0,4.0
"v04m1d2C[[0,1,4]]p[[[],[0,3,0],[0,3,3,0]]]nm0.5np0.5c280s3.intohylo",0.25,1.0,8.0
"v04m1d2C[[0,1,4]]p[[[],[0,3,0],[0,3,3,0]]]nm0.5np0.5c280s4.intohylo",0.25,1.0,4.0
"v04m1d2C[[0,1,4]]p[[[],[0,3,0],[0,3,3,0]]]nm0.5np0.5c280s5.intohylo",0.25,1.0,-1.0
"v04m1d2C[[0,1,4]]p[[[],[0,3,0],[0,3,3,0]]]nm0.5np0.5c280s6.intohylo",0.25,1.0,4.0
"v04m1d2C[[0,1,4]]p[[[],[0,3,0],[0,3,3,0]]]nm0.5np0.5c280s7.intohylo",0.25,1.0,4.0
"v04m1d2C[[0,1,4]]p[[[],[0,3,0],[0,3,3,0]]]nm0.5np0.5c280s8.intohylo",0.25,1.0,4.0
"v04m1d2C[[0,1,4]]p[[[],[0,3,0],[0,3,3,0]]]nm0.5np0.5c280s9.intohylo",0.25,1.0,4.0
"v04m1d2C[[0,1,4]]p[[[],[0,3,0],[0,3,3,0]]]nm0.5np0.5c300s0.intohylo",0.25,1.0,4.0
"v04m1d2C[[0,1,4]]p[[[],[0,3,0],[0,3,3,0]]]nm0.5np0.5c300s1.intohylo",0.25,1.0,4.0
"v04m1d2C[[0,1,4]]p[[[],[0,3,0],[0,3,3,0]]]nm0.5np0.5c300s2.intohylo",0.25,1.0,4.0
"v04m1d2C[[0,1,4]]p[[[],[0,3,0],[0,3,3,0]]]nm0.5np0.5c300s3.intohylo",0.25,1.0,4.0
"v04m1d2C[[0,1,4]]p[[[],[0,3,0],[0,3,3,0]]]nm0.5np0.5c300s4.intohylo",0.25,1.0,8.0
"v04m1d2C[[0,1,4]]p[[[],[0,3,0],[0,3,3,0]]]nm0.5np0.5c300s5.intohylo",0.25,1.0,8.0
"v04m1d2C[[0,1,4]]p[[[],[0,3,0],[0,3,3,0]]]nm0.5np0.5c300s6.intohylo",0.25,1.0,4.0
"v04m1d2C[[0,1,4]]p[[[],[0,3,0],[0,3,3,0]]]nm0.5np0.5c300s7.intohylo",0.25,1.0,4.0
"v04m1d2C[[0,1,4]]p[[[],[0,3,0],[0,3,3,0]]]nm0.5np0.5c300s8.intohylo",0.25,1.0,4.0
"v04m1d2C[[0,1,4]]p[[[],[0,3,0],[0,3,3,0]]]nm0.5np0.5c300s9.intohylo",0.25,1.0,4.0
"v04m1d2C[[0,1,4]]p[[[],[0,3,0],[0,3,3,0]]]nm0.5np0.5c320s0.intohylo",0.25,2.0,8.0
"v04m1d2C[[0,1,4]]p[[[],[0,3,0],[0,3,3,0]]]nm0.5np0.5c320s1.intohylo",0.25,2.0,8.0
"v04m1d2C[[0,1,4]]p[[[],[0,3,0],[0,3,3,0]]]nm0.5np0.5c320s2.intohylo",0.25,2.0,8.0
"v04m1d2C[[0,1,4]]p[[[],[0,3,0],[0,3,3,0]]]nm0.5np0.5c320s3.intohylo",0.25,2.0,4.0
"v04m1d2C[[0,1,4]]p[[[],[0,3,0],[0,3,3,0]]]nm0.5np0.5c320s4.intohylo",0.25,2.0,8.0
"v04m1d2C[[0,1,4]]p[[[],[0,3,0],[0,3,3,0]]]nm0.5np0.5c320s5.intohylo",0.25,2.0,4.0
"v04m1d2C[[0,1,4]]p[[[],[0,3,0],[0,3,3,0]]]nm0.5np0.5c320s6.intohylo",0.25,1.0,4.0
"v04m1d2C[[0,1,4]]p[[[],[0,3,0],[0,3,3,0]]]nm0.5np0.5c320s7.intohylo",0.25,1.0,8.0
"v04m1d2C[[0,1,4]]p[[[],[0,3,0],[0,3,3,0]]]nm0.5np0.5c320s8.intohylo",0.25,1.0,4.0
"v04m1d2C[[0,1,4]]p[[[],[0,3,0],[0,3,3,0]]]nm0.5np0.5c320s9.intohylo",0.25,2.0,4.0
"v04m1d2C[[0,2,3]]p[[[],[0,3,0],[0,3,3,0]]]nm0.5np0.5c120s0.intohylo",0.25,0.25,0.5
"v04m1d2C[[0,2,3]]p[[[],[0,3,0],[0,3,3,0]]]nm0.5np0.5c120s1.intohylo",0.25,0.25,0.5
"v04m1d2C[[0,2,3]]p[[[],[0,3,0],[0,3,3,0]]]nm0.5np0.5c120s2.intohylo",0.25,0.25,0.5
"v04m1d2C[[0,2,3]]p[[[],[0,3,0],[0,3,3,0]]]nm0.5np0.5c120s3.intohylo",0.25,0.25,1.0
"v04m1d2C[[0,2,3]]p[[[],[0,3,0],[0,3,3,0]]]nm0.5np0.5c120s4.intohylo",0.25,0.25,1.0
"v04m1d2C[[0,2,3]]p[[[],[0,3,0],[0,3,3,0]]]nm0.5np0.5c120s5.intohylo",0.25,0.25,0.5
"v04m1d2C[[0,2,3]]p[[[],[0,3,0],[0,3,3,0]]]nm0.5np0.5c120s6.intohylo",0.25,0.25,0.5
"v04m1d2C[[0,2,3]]p[[[],[0,3,0],[0,3,3,0]]]nm0.5np0.5c120s7.intohylo",0.25,0.25,0.5
"v04m1d2C[[0,2,3]]p[[[],[0,3,0],[0,3,3,0]]]nm0.5np0.5c120s8.intohylo",0.25,0.25,0.5
"v04m1d2C[[0,2,3]]p[[[],[0,3,0],[0,3,3,0]]]nm0.5np0.5c120s9.intohylo",0.25,0.25,0.5
"v04m1d2C[[0,2,3]]p[[[],[0,3,0],[0,3,3,0]]]nm0.5np0.5c140s0.intohylo",0.25,0.25,1.0
"v04m1d2C[[0,2,3]]p[[[],[0,3,0],[0,3,3,0]]]nm0.5np0.5c140s1.intohylo",0.25,0.25,0.5
"v04m1d2C[[0,2,3]]p[[[],[0,3,0],[0,3,3,0]]]nm0.5np0.5c140s2.intohylo",0.25,0.25,1.0
"v04m1d2C[[0,2,3]]p[[[],[0,3,0],[0,3,3,0]]]nm0.5np0.5c140s3.intohylo",0.25,0.25,0.5
"v04m1d2C[[0,2,3]]p[[[],[0,3,0],[0,3,3,0]]]nm0.5np0.5c140s4.intohylo",0.25,0.25,0.5
"v04m1d2C[[0,2,3]]p[[[],[0,3,0],[0,3,3,0]]]nm0.5np0.5c140s5.intohylo",0.25,0.25,2.0
"v04m1d2C[[0,2,3]]p[[[],[0,3,0],[0,3,3,0]]]nm0.5np0.5c140s6.intohylo",0.25,0.25,0.5
"v04m1d2C[[0,2,3]]p[[[],[0,3,0],[0,3,3,0]]]nm0.5np0.5c140s7.intohylo",0.25,0.25,1.0
"v04m1d2C[[0,2,3]]p[[[],[0,3,0],[0,3,3,0]]]nm0.5np0.5c140s8.intohylo",0.25,0.25,0.5
"v04m1d2C[[0,2,3]]p[[[],[0,3,0],[0,3,3,0]]]nm0.5np0.5c140s9.intohylo",0.25,0.25,0.5
"v04m1d2C[[0,2,3]]p[[[],[0,3,0],[0,3,3,0]]]nm0.5np0.5c160s0.intohylo",0.25,0.25,1.0
"v04m1d2C[[0,2,3]]p[[[],[0,3,0],[0,3,3,0]]]nm0.5np0.5c160s1.intohylo",0.25,0.25,1.0
"v04m1d2C[[0,2,3]]p[[[],[0,3,0],[0,3,3,0]]]nm0.5np0.5c160s2.intohylo",0.25,0.25,1.0
"v04m1d2C[[0,2,3]]p[[[],[0,3,0],[0,3,3,0]]]nm0.5np0.5c160s3.intohylo",0.25,0.25,1.0
"v04m1d2C[[0,2,3]]p[[[],[0,3,0],[0,3,3,0]]]nm0.5np0.5c160s4.intohylo",0.25,0.25,1.0
"v04m1d2C[[0,2,3]]p[[[],[0,3,0],[0,3,3,0]]]nm0.5np0.5c160s5.intohylo",0.25,0.25,2.0
"v04m1d2C[[0,2,3]]p[[[],[0,3,0],[0,3,3,0]]]nm0.5np0.5c160s6.intohylo",0.25,0.25,1.0
"v04m1d2C[[0,2,3]]p[[[],[0,3,0],[0,3,3,0]]]nm0.5np0.5c160s7.intohylo",0.25,0.25,1.0
"v04m1d2C[[0,2,3]]p[[[],[0,3,0],[0,3,3,0]]]nm0.5np0.5c160s8.intohylo",0.25,0.25,1.0
"v04m1d2C[[0,2,3]]p[[[],[0,3,0],[0,3,3,0]]]nm0.5np0.5c160s9.intohylo",0.25,0.25,1.0
"v04m1d2C[[0,2,3]]p[[[],[0,3,0],[0,3,3,0]]]nm0.5np0.5c180s0.intohylo",0.25,0.25,1.0
"v04m1d2C[[0,2,3]]p[[[],[0,3,0],[0,3,3,0]]]nm0.5np0.5c180s1.intohylo",0.25,0.25,1.0
"v04m1d2C[[0,2,3]]p[[[],[0,3,0],[0,3,3,0]]]nm0.5np0.5c180s2.intohylo",0.25,0.25,1.0
"v04m1d2C[[0,2,3]]p[[[],[0,3,0],[0,3,3,0]]]nm0.5np0.5c180s3.intohylo",0.25,0.25,1.0
"v04m1d2C[[0,2,3]]p[[[],[0,3,0],[0,3,3,0]]]nm0.5np0.5c180s4.intohylo",0.25,0.25,1.0
"v04m1d2C[[0,2,3]]p[[[],[0,3,0],[0,3,3,0]]]nm0.5np0.5c180s5.intohylo",0.25,0.25,1.0
"v04m1d2C[[0,2,3]]p[[[],[0,3,0],[0,3,3,0]]]nm0.5np0.5c180s6.intohylo",0.25,0.25,1.0
"v04m1d2C[[0,2,3]]p[[[],[0,3,0],[0,3,3,0]]]nm0.5np0.5c180s7.intohylo",0.25,0.25,1.0
"v04m1d2C[[0,2,3]]p[[[],[0,3,0],[0,3,3,0]]]nm0.5np0.5c180s8.intohylo",0.25,0.25,1.0
"v04m1d2C[[0,2,3]]p[[[],[0,3,0],[0,3,3,0]]]nm0.5np0.5c180s9.intohylo",0.25,0.25,1.0
"v04m1d2C[[0,2,3]]p[[[],[0,3,0],[0,3,3,0]]]nm0.5np0.5c200s0.intohylo",0.25,0.25,1.0
"v04m1d2C[[0,2,3]]p[[[],[0,3,0],[0,3,3,0]]]nm0.5np0.5c200s1.intohylo",0.25,0.25,1.0
"v04m1d2C[[0,2,3]]p[[[],[0,3,0],[0,3,3,0]]]nm0.5np0.5c200s2.intohylo",0.25,0.25,1.0
"v04m1d2C[[0,2,3]]p[[[],[0,3,0],[0,3,3,0]]]nm0.5np0.5c200s3.intohylo",0.25,0.25,1.0
"v04m1d2C[[0,2,3]]p[[[],[0,3,0],[0,3,3,0]]]nm0.5np0.5c200s4.intohylo",0.25,0.25,1.0
"v04m1d2C[[0,2,3]]p[[[],[0,3,0],[0,3,3,0]]]nm0.5np0.5c200s5.intohylo",0.25,0.25,1.0
"v04m1d2C[[0,2,3]]p[[[],[0,3,0],[0,3,3,0]]]nm0.5np0.5c200s6.intohylo",0.25,0.25,2.0
"v04m1d2C[[0,2,3]]p[[[],[0,3,0],[0,3,3,0]]]nm0.5np0.5c200s7.intohylo",0.25,0.25,2.0
"v04m1d2C[[0,2,3]]p[[[],[0,3,0],[0,3,3,0]]]nm0.5np0.5c200s8.intohylo",0.25,0.25,2.0
"v04m1d2C[[0,2,3]]p[[[],[0,3,0],[0,3,3,0]]]nm0.5np0.5c200s9.intohylo",0.25,0.25,2.0
"v04m1d2C[[0,3,2]]p[[[],[0,3,0],[0,3,3,0]]]nm0.5np0.5c080s0.intohylo",0.25,0.25,0.25
"v04m1d2C[[0,3,2]]p[[[],[0,3,0],[0,3,3,0]]]nm0.5np0.5c080s1.intohylo",0.25,0.25,0.25
"v04m1d2C[[0,3,2]]p[[[],[0,3,0],[0,3,3,0]]]nm0.5np0.5c080s2.intohylo",0.25,0.25,0.25
"v04m1d2C[[0,3,2]]p[[[],[0,3,0],[0,3,3,0]]]nm0.5np0.5c080s3.intohylo",0.25,0.25,0.25
"v04m1d2C[[0,3,2]]p[[[],[0,3,0],[0,3,3,0]]]nm0.5np0.5c080s4.intohylo",0.25,0.25,0.25
"v04m1d2C[[0,3,2]]p[[[],[0,3,0],[0,3,3,0]]]nm0.5np0.5c080s5.intohylo",0.25,0.25,0.25
"v04m1d2C[[0,3,2]]p[[[],[0,3,0],[0,3,3,0]]]nm0.5np0.5c080s6.intohylo",0.25,0.25,0.25
"v04m1d2C[[0,3,2]]p[[[],[0,3,0],[0,3,3,0]]]nm0.5np0.5c080s7.intohylo",0.25,0.25,0.25
"v04m1d2C[[0,3,2]]p[[[],[0,3,0],[0,3,3,0]]]nm0.5np0.5c080s8.intohylo",0.25,0.25,0.25
"v04m1d2C[[0,3,2]]p[[[],[0,3,0],[0,3,3,0]]]nm0.5np0.5c080s9.intohylo",0.25,0.25,0.25
"v04m1d2C[[0,3,2]]p[[[],[0,3,0],[0,3,3,0]]]nm0.5np0.5c100s0.intohylo",0.25,0.25,0.25
"v04m1d2C[[0,3,2]]p[[[],[0,3,0],[0,3,3,0]]]nm0.5np0.5c100s1.intohylo",0.25,0.25,0.5
"v04m1d2C[[0,3,2]]p[[[],[0,3,0],[0,3,3,0]]]nm0.5np0.5c100s2.intohylo",0.25,0.25,0.25
"v04m1d2C[[0,3,2]]p[[[],[0,3,0],[0,3,3,0]]]nm0.5np0.5c100s3.intohylo",0.25,0.25,0.25
"v04m1d2C[[0,3,2]]p[[[],[0,3,0],[0,3,3,0]]]nm0.5np0.5c100s4.intohylo",0.25,0.25,0.25
"v04m1d2C[[0,3,2]]p[[[],[0,3,0],[0,3,3,0]]]nm0.5np0.5c100s5.intohylo",0.25,0.25,0.25
"v04m1d2C[[0,3,2]]p[[[],[0,3,0],[0,3,3,0]]]nm0.5np0.5c100s6.intohylo",0.25,0.25,0.25
"v04m1d2C[[0,3,2]]p[[[],[0,3,0],[0,3,3,0]]]nm0.5np0.5c100s7.intohylo",0.25,0.25,0.25
"v04m1d2C[[0,3,2]]p[[[],[0,3,0],[0,3,3,0]]]nm0.5np0.5c100s8.intohylo",0.25,0.25,0.25
"v04m1d2C[[0,3,2]]p[[[],[0,3,0],[0,3,3,0]]]nm0.5np0.5c100s9.intohylo",0.25,0.25,0.25
"v04m1d2C[[0,3,2]]p[[[],[0,3,0],[0,3,3,0]]]nm0.5np0.5c120s0.intohylo",0.25,0.25,0.25
"v04m1d2C[[0,3,2]]p[[[],[0,3,0],[0,3,3,0]]]nm0.5np0.5c120s1.intohylo",0.25,0.25,0.5
"v04m1d2C[[0,3,2]]p[[[],[0,3,0],[0,3,3,0]]]nm0.5np0.5c120s2.intohylo",0.25,0.25,0.5
"v04m1d2C[[0,3,2]]p[[[],[0,3,0],[0,3,3,0]]]nm0.5np0.5c120s3.intohylo",0.25,0.25,0.5
"v04m1d2C[[0,3,2]]p[[[],[0,3,0],[0,3,3,0]]]nm0.5np0.5c120s4.intohylo",0.25,0.25,0.5
"v04m1d2C[[0,3,2]]p[[[],[0,3,0],[0,3,3,0]]]nm0.5np0.5c120s5.intohylo",0.25,0.25,0.25
"v04m1d2C[[0,3,2]]p[[[],[0,3,0],[0,3,3,0]]]nm0.5np0.5c120s6.intohylo",0.25,0.25,0.25
"v04m1d2C[[0,3,2]]p[[[],[0,3,0],[0,3,3,0]]]nm0.5np0.5c120s7.intohylo",0.25,0.25,0.5
"v04m1d2C[[0,3,2]]p[[[],[0,3,0],[0,3,3,0]]]nm0.5np0.5c120s8.intohylo",0.25,0.25,0.25
"v04m1d2C[[0,3,2]]p[[[],[0,3,0],[0,3,3,0]]]nm0.5np0.5c120s9.intohylo",0.25,0.25,0.5
"v04m1d2C[[0,3,2]]p[[[],[0,3,0],[0,3,3,0]]]nm0.5np0.5c140s0.intohylo",0.25,0.25,1.0
"v04m1d2C[[0,3,2]]p[[[],[0,3,0],[0,3,3,0]]]nm0.5np0.5c140s1.intohylo",0.25,0.25,0.5
"v04m1d2C[[0,3,2]]p[[[],[0,3,0],[0,3,3,0]]]nm0.5np0.5c140s2.intohylo",0.25,0.25,0.5
"v04m1d2C[[0,3,2]]p[[[],[0,3,0],[0,3,3,0]]]nm0.5np0.5c140s3.intohylo",0.25,0.25,0.5
"v04m1d2C[[0,3,2]]p[[[],[0,3,0],[0,3,3,0]]]nm0.5np0.5c140s4.intohylo",0.25,0.25,0.5
"v04m1d2C[[0,3,2]]p[[[],[0,3,0],[0,3,3,0]]]nm0.5np0.5c140s5.intohylo",0.25,0.25,0.5
"v04m1d2C[[0,3,2]]p[[[],[0,3,0],[0,3,3,0]]]nm0.5np0.5c140s6.intohylo",0.25,0.25,0.5
"v04m1d2C[[0,3,2]]p[[[],[0,3,0],[0,3,3,0]]]nm0.5np0.5c140s7.intohylo",0.25,0.25,0.5
"v04m1d2C[[0,3,2]]p[[[],[0,3,0],[0,3,3,0]]]nm0.5np0.5c140s8.intohylo",0.25,0.25,0.5
"v04m1d2C[[0,3,2]]p[[[],[0,3,0],[0,3,3,0]]]nm0.5np0.5c140s9.intohylo",0.25,0.25,0.5
"v04m1d2C[[0,3,2]]p[[[],[0,3,0],[0,3,3,0]]]nm0.5np0.5c160s0.intohylo",0.25,0.25,0.5
"v04m1d2C[[0,3,2]]p[[[],[0,3,0],[0,3,3,0]]]nm0.5np0.5c160s1.intohylo",0.25,0.25,0.5
"v04m1d2C[[0,3,2]]p[[[],[0,3,0],[0,3,3,0]]]nm0.5np0.5c160s2.intohylo",0.25,0.25,0.5
"v04m1d2C[[0,3,2]]p[[[],[0,3,0],[0,3,3,0]]]nm0.5np0.5c160s3.intohylo",0.25,0.25,1.0
"v04m1d2C[[0,3,2]]p[[[],[0,3,0],[0,3,3,0]]]nm0.5np0.5c160s4.intohylo",0.25,0.25,1.0
"v04m1d2C[[0,3,2]]p[[[],[0,3,0],[0,3,3,0]]]nm0.5np0.5c160s5.intohylo",0.25,0.25,0.5
"v04m1d2C[[0,3,2]]p[[[],[0,3,0],[0,3,3,0]]]nm0.5np0.5c160s6.intohylo",0.25,0.25,0.5
"v04m1d2C[[0,3,2]]p[[[],[0,3,0],[0,3,3,0]]]nm0.5np0.5c160s7.intohylo",0.25,0.25,1.0
"v04m1d2C[[0,3,2]]p[[[],[0,3,0],[0,3,3,0]]]nm0.5np0.5c160s8.intohylo",0.25,0.25,0.5
"v04m1d2C[[0,3,2]]p[[[],[0,3,0],[0,3,3,0]]]nm0.5np0.5c160s9.intohylo",0.25,0.25,0.5
"v04m1d2C[[0,4,1]]p[[[],[0,3,0],[0,3,3,0]]]nm0.5np0.5c060s0.intohylo",0.25,0.25,0.25
"v04m1d2C[[0,4,1]]p[[[],[0,3,0],[0,3,3,0]]]nm0.5np0.5c060s1.intohylo",0.25,0.25,0.25
"v04m1d2C[[0,4,1]]p[[[],[0,3,0],[0,3,3,0]]]nm0.5np0.5c060s2.intohylo",0.25,0.25,0.25
"v04m1d2C[[0,4,1]]p[[[],[0,3,0],[0,3,3,0]]]nm0.5np0.5c060s3.intohylo",0.25,0.25,0.25
"v04m1d2C[[0,4,1]]p[[[],[0,3,0],[0,3,3,0]]]nm0.5np0.5c060s4.intohylo",0.25,0.25,0.25
"v04m1d2C[[0,4,1]]p[[[],[0,3,0],[0,3,3,0]]]nm0.5np0.5c060s5.intohylo",0.25,0.25,0.25
"v04m1d2C[[0,4,1]]p[[[],[0,3,0],[0,3,3,0]]]nm0.5np0.5c060s6.intohylo",0.25,0.25,0.25
"v04m1d2C[[0,4,1]]p[[[],[0,3,0],[0,3,3,0]]]nm0.5np0.5c060s7.intohylo",0.25,0.25,0.25
"v04m1d2C[[0,4,1]]p[[[],[0,3,0],[0,3,3,0]]]nm0.5np0.5c060s8.intohylo",0.25,0.25,0.25
"v04m1d2C[[0,4,1]]p[[[],[0,3,0],[0,3,3,0]]]nm0.5np0.5c060s9.intohylo",0.25,0.25,0.25
"v04m1d2C[[0,4,1]]p[[[],[0,3,0],[0,3,3,0]]]nm0.5np0.5c080s0.intohylo",0.25,0.25,0.25
"v04m1d2C[[0,4,1]]p[[[],[0,3,0],[0,3,3,0]]]nm0.5np0.5c080s1.intohylo",0.25,0.25,0.25
"v04m1d2C[[0,4,1]]p[[[],[0,3,0],[0,3,3,0]]]nm0.5np0.5c080s2.intohylo",0.25,0.25,0.25
"v04m1d2C[[0,4,1]]p[[[],[0,3,0],[0,3,3,0]]]nm0.5np0.5c080s3.intohylo",0.25,0.25,0.25
"v04m1d2C[[0,4,1]]p[[[],[0,3,0],[0,3,3,0]]]nm0.5np0.5c080s4.intohylo",0.25,0.25,0.25
"v04m1d2C[[0,4,1]]p[[[],[0,3,0],[0,3,3,0]]]nm0.5np0.5c080s5.intohylo",0.25,0.25,0.25
"v04m1d2C[[0,4,1]]p[[[],[0,3,0],[0,3,3,0]]]nm0.5np0.5c080s6.intohylo",0.25,0.25,0.25
"v04m1d2C[[0,4,1]]p[[[],[0,3,0],[0,3,3,0]]]nm0.5np0.5c080s7.intohylo",0.25,0.25,0.25
"v04m1d2C[[0,4,1]]p[[[],[0,3,0],[0,3,3,0]]]nm0.5np0.5c080s8.intohylo",0.25,0.25,0.25
"v04m1d2C[[0,4,1]]p[[[],[0,3,0],[0,3,3,0]]]nm0.5np0.5c080s9.intohylo",0.25,0.25,0.25
"v04m1d2C[[0,4,1]]p[[[],[0,3,0],[0,3,3,0]]]nm0.5np0.5c100s0.intohylo",0.25,0.25,0.25
"v04m1d2C[[0,4,1]]p[[[],[0,3,0],[0,3,3,0]]]nm0.5np0.5c100s1.intohylo",0.25,0.25,0.25
"v04m1d2C[[0,4,1]]p[[[],[0,3,0],[0,3,3,0]]]nm0.5np0.5c100s2.intohylo",0.25,0.25,0.25
"v04m1d2C[[0,4,1]]p[[[],[0,3,0],[0,3,3,0]]]nm0.5np0.5c100s3.intohylo",0.25,0.25,0.25
"v04m1d2C[[0,4,1]]p[[[],[0,3,0],[0,3,3,0]]]nm0.5np0.5c100s4.intohylo",0.25,0.25,0.25
"v04m1d2C[[0,4,1]]p[[[],[0,3,0],[0,3,3,0]]]nm0.5np0.5c100s5.intohylo",0.25,0.25,0.25
"v04m1d2C[[0,4,1]]p[[[],[0,3,0],[0,3,3,0]]]nm0.5np0.5c100s6.intohylo",0.25,0.25,0.25
"v04m1d2C[[0,4,1]]p[[[],[0,3,0],[0,3,3,0]]]nm0.5np0.5c100s7.intohylo",0.25,0.25,0.25
"v04m1d2C[[0,4,1]]p[[[],[0,3,0],[0,3,3,0]]]nm0.5np0.5c100s8.intohylo",0.25,0.25,0.25
"v04m1d2C[[0,4,1]]p[[[],[0,3,0],[0,3,3,0]]]nm0.5np0.5c100s9.intohylo",0.25,0.25,0.25
"v04m1d2C[[0,4,1]]p[[[],[0,3,0],[0,3,3,0]]]nm0.5np0.5c120s0.intohylo",0.25,0.25,0.25
"v04m1d2C[[0,4,1]]p[[[],[0,3,0],[0,3,3,0]]]nm0.5np0.5c120s1.intohylo",0.25,0.25,0.25
"v04m1d2C[[0,4,1]]p[[[],[0,3,0],[0,3,3,0]]]nm0.5np0.5c120s2.intohylo",0.25,0.25,0.25
"v04m1d2C[[0,4,1]]p[[[],[0,3,0],[0,3,3,0]]]nm0.5np0.5c120s3.intohylo",0.25,0.25,0.25
"v04m1d2C[[0,4,1]]p[[[],[0,3,0],[0,3,3,0]]]nm0.5np0.5c120s4.intohylo",0.25,0.25,0.25
"v04m1d2C[[0,4,1]]p[[[],[0,3,0],[0,3,3,0]]]nm0.5np0.5c120s5.intohylo",0.25,0.25,0.25
"v04m1d2C[[0,4,1]]p[[[],[0,3,0],[0,3,3,0]]]nm0.5np0.5c120s6.intohylo",0.25,0.25,0.25
"v04m1d2C[[0,4,1]]p[[[],[0,3,0],[0,3,3,0]]]nm0.5np0.5c120s7.intohylo",0.25,0.25,0.25
"v04m1d2C[[0,4,1]]p[[[],[0,3,0],[0,3,3,0]]]nm0.5np0.5c120s8.intohylo",0.25,0.25,0.25
"v04m1d2C[[0,4,1]]p[[[],[0,3,0],[0,3,3,0]]]nm0.5np0.5c120s9.intohylo",0.25,0.25,0.25
"v05m1d2C[[0,0,1]]p[[[],[],[0,1,4,0]]]nm0.5np0.5c500s0.intohylo",0.25,2.0,-1.0
"v05m1d2C[[0,0,1]]p[[[],[],[0,1,4,0]]]nm0.5np0.5c500s1.intohylo",0.25,2.0,-1.0
"v05m1d2C[[0,0,1]]p[[[],[],[0,1,4,0]]]nm0.5np0.5c500s2.intohylo",0.25,2.0,-1.0
"v05m1d2C[[0,0,1]]p[[[],[],[0,1,4,0]]]nm0.5np0.5c500s3.intohylo",0.25,2.0,-1.0
"v05m1d2C[[0,0,1]]p[[[],[],[0,1,4,0]]]nm0.5np0.5c500s4.intohylo",0.25,2.0,-1.0
"v05m1d2C[[0,0,1]]p[[[],[],[0,1,4,0]]]nm0.5np0.5c500s5.intohylo",0.25,2.0,-1.0
"v05m1d2C[[0,0,1]]p[[[],[],[0,1,4,0]]]nm0.5np0.5c500s6.intohylo",0.25,2.0,-1.0
"v05m1d2C[[0,0,1]]p[[[],[],[0,1,4,0]]]nm0.5np0.5c500s7.intohylo",0.25,2.0,8.0
"v05m1d2C[[0,0,1]]p[[[],[],[0,1,4,0]]]nm0.5np0.5c500s8.intohylo",0.25,2.0,-1.0
"v05m1d2C[[0,0,1]]p[[[],[],[0,1,4,0]]]nm0.5np0.5c500s9.intohylo",0.25,4.0,-1.0
"v05m1d2C[[0,0,1]]p[[[],[],[0,1,4,0]]]nm0.5np0.5c520s0.intohylo",0.25,2.0,-1.0
"v05m1d2C[[0,0,1]]p[[[],[],[0,1,4,0]]]nm0.5np0.5c520s1.intohylo",0.25,2.0,-1.0
"v05m1d2C[[0,0,1]]p[[[],[],[0,1,4,0]]]nm0.5np0.5c520s2.intohylo",0.25,2.0,-1.0
"v05m1d2C[[0,0,1]]p[[[],[],[0,1,4,0]]]nm0.5np0.5c520s3.intohylo",0.25,4.0,-1.0
"v05m1d2C[[0,0,1]]p[[[],[],[0,1,4,0]]]nm0.5np0.5c520s4.intohylo",0.25,4.0,-1.0
"v05m1d2C[[0,0,1]]p[[[],[],[0,1,4,0]]]nm0.5np0.5c520s5.intohylo",0.25,4.0,-1.0
"v05m1d2C[[0,0,1]]p[[[],[],[0,1,4,0]]]nm0.5np0.5c520s6.intohylo",0.25,2.0,-1.0
"v05m1d2C[[0,0,1]]p[[[],[],[0,1,4,0]]]nm0.5np0.5c520s7.intohylo",0.25,4.0,-1.0
"v05m1d2C[[0,0,1]]p[[[],[],[0,1,4,0]]]nm0.5np0.5c520s8.intohylo",0.25,4.0,-1.0
"v05m1d2C[[0,0,1]]p[[[],[],[0,1,4,0]]]nm0.5np0.5c520s9.intohylo",0.25,2.0,-1.0
"v05m1d2C[[0,0,1]]p[[[],[],[0,1,4,0]]]nm0.5np0.5c540s0.intohylo",0.25,4.0,-1.0
"v05m1d2C[[0,0,1]]p[[[],[],[0,1,4,0]]]nm0.5np0.5c540s1.intohylo",0.25,4.0,-1.0
"v05m1d2C[[0,0,1]]p[[[],[],[0,1,4,0]]]nm0.5np0.5c540s2.intohylo",0.25,4.0,-1.0
"v05m1d2C[[0,0,1]]p[[[],[],[0,1,4,0]]]nm0.5np0.5c540s3.intohylo",0.25,4.0,-1.0
"v05m1d2C[[0,0,1]]p[[[],[],[0,1,4,0]]]nm0.5np0.5c540s4.intohylo",0.25,4.0,-1.0
"v05m1d2C[[0,0,1]]p[[[],[],[0,1,4,0]]]nm0.5np0.5c540s5.intohylo",0.25,2.0,-1.0
"v05m1d2C[[0,0,1]]p[[[],[],[0,1,4,0]]]nm0.5np0.5c540s6.intohylo",0.25,4.0,-1.0
"v05m1d2C[[0,0,1]]p[[[],[],[0,1,4,0]]]nm0.5np0.5c540s7.intohylo",0.25,2.0,-1.0
"v05m1d2C[[0,0,1]]p[[[],[],[0,1,4,0]]]nm0.5np0.5c540s8.intohylo",0.25,4.0,-1.0
"v05m1d2C[[0,0,1]]p[[[],[],[0,1,4,0]]]nm0.5np0.5c540s9.intohylo",0.25,4.0,-1.0
"v05m1d2C[[0,0,1]]p[[[],[],[0,1,4,0]]]nm0.5np0.5c560s0.intohylo",0.25,4.0,-1.0
"v05m1d2C[[0,0,1]]p[[[],[],[0,1,4,0]]]nm0.5np0.5c560s1.intohylo",0.25,4.0,-1.0
"v05m1d2C[[0,0,1]]p[[[],[],[0,1,4,0]]]nm0.5np0.5c560s2.intohylo",0.25,4.0,-1.0
"v05m1d2C[[0,0,1]]p[[[],[],[0,1,4,0]]]nm0.5np0.5c560s3.intohylo",0.25,2.0,-1.0
"v05m1d2C[[0,0,1]]p[[[],[],[0,1,4,0]]]nm0.5np0.5c560s4.intohylo",0.25,4.0,-1.0
"v05m1d2C[[0,0,1]]p[[[],[],[0,1,4,0]]]nm0.5np0.5c560s5.intohylo",0.25,4.0,-1.0
"v05m1d2C[[0,0,1]]p[[[],[],[0,1,4,0]]]nm0.5np0.5c560s6.intohylo",0.25,4.0,-1.0
"v05m1d2C[[0,0,1]]p[[[],[],[0,1,4,0]]]nm0.5np0.5c560s7.intohylo",0.25,4.0,-1.0
"v05m1d2C[[0,0,1]]p[[[],[],[0,1,4,0]]]nm0.5np0.5c560s8.intohylo",0.25,2.0,-1.0
"v05m1d2C[[0,0,1]]p[[[],[],[0,1,4,0]]]nm0.5np0.5c560s9.intohylo",0.25,4.0,-1.0
"v05m1d2C[[0,0,1]]p[[[],[],[0,1,4,0]]]nm0.5np0.5c580s0.intohylo",0.25,4.0,-1.0
"v05m1d2C[[0,0,1]]p[[[],[],[0,1,4,0]]]nm0.5np0.5c580s1.intohylo",0.25,4.0,4.0
"v05m1d2C[[0,0,1]]p[[[],[],[0,1,4,0]]]nm0.5np0.5c580s2.intohylo",0.25,4.0,4.0
"v05m1d2C[[0,0,1]]p[[[],[],[0,1,4,0]]]nm0.5np0.5c580s3.intohylo",0.25,2.0,8.0
"v05m1d2C[[0,0,1]]p[[[],[],[0,1,4,0]]]nm0.5np0.5c580s4.intohylo",0.25,4.0,4.0
"v05m1d2C[[0,0,1]]p[[[],[],[0,1,4,0]]]nm0.5np0.5c580s5.intohylo",0.25,4.0,-1.0
"v05m1d2C[[0,0,1]]p[[[],[],[0,1,4,0]]]nm0.5np0.5c580s6.intohylo",0.25,2.0,4.0
"v05m1d2C[[0,0,1]]p[[[],[],[0,1,4,0]]]nm0.5np0.5c580s7.intohylo",0.25,4.0,8.0
"v05m1d2C[[0,0,1]]p[[[],[],[0,1,4,0]]]nm0.5np0.5c580s8.intohylo",0.25,4.0,8.0
"v05m1d2C[[0,0,1]]p[[[],[],[0,1,4,0]]]nm0.5np0.5c580s9.intohylo",0.25,4.0,4.0
"v05m1d2C[[0,0,1]]p[[[],[],[0,1,4,0]]]nm0.5np0.5c600s0.intohylo",0.25,4.0,4.0
"v05m1d2C[[0,0,1]]p[[[],[],[0,1,4,0]]]nm0.5np0.5c600s1.intohylo",0.25,4.0,8.0
"v05m1d2C[[0,0,1]]p[[[],[],[0,1,4,0]]]nm0.5np0.5c600s2.intohylo",0.25,4.0,4.0
"v05m1d2C[[0,0,1]]p[[[],[],[0,1,4,0]]]nm0.5np0.5c600s3.intohylo",0.25,4.0,4.0
"v05m1d2C[[0,0,1]]p[[[],[],[0,1,4,0]]]nm0.5np0.5c600s4.intohylo",0.25,4.0,4.0
"v05m1d2C[[0,0,1]]p[[[],[],[0,1,4,0]]]nm0.5np0.5c600s5.intohylo",0.25,4.0,4.0
"v05m1d2C[[0,0,1]]p[[[],[],[0,1,4,0]]]nm0.5np0.5c600s6.intohylo",0.25,4.0,-1.0
"v05m1d2C[[0,0,1]]p[[[],[],[0,1,4,0]]]nm0.5np0.5c600s7.intohylo",0.25,4.0,8.0
"v05m1d2C[[0,0,1]]p[[[],[],[0,1,4,0]]]nm0.5np0.5c600s8.intohylo",0.25,4.0,4.0
"v05m1d2C[[0,0,1]]p[[[],[],[0,1,4,0]]]nm0.5np0.5c600s9.intohylo",0.25,4.0,8.0
"v05m1d2C[[0,0,1]]p[[[],[],[0,1,4,0]]]nm0.5np0.5c620s0.intohylo",0.25,4.0,4.0
"v05m1d2C[[0,0,1]]p[[[],[],[0,1,4,0]]]nm0.5np0.5c620s1.intohylo",0.25,4.0,-1.0
"v05m1d2C[[0,0,1]]p[[[],[],[0,1,4,0]]]nm0.5np0.5c620s2.intohylo",0.25,4.0,-1.0
"v05m1d2C[[0,0,1]]p[[[],[],[0,1,4,0]]]nm0.5np0.5c620s3.intohylo",0.25,4.0,4.0
"v05m1d2C[[0,0,1]]p[[[],[],[0,1,4,0]]]nm0.5np0.5c620s4.intohylo",0.25,4.0,4.0
"v05m1d2C[[0,0,1]]p[[[],[],[0,1,4,0]]]nm0.5np0.5c620s5.intohylo",0.25,4.0,4.0
"v05m1d2C[[0,0,1]]p[[[],[],[0,1,4,0]]]nm0.5np0.5c620s6.intohylo",0.25,4.0,-1.0
"v05m1d2C[[0,0,1]]p[[[],[],[0,1,4,0]]]nm0.5np0.5c620s7.intohylo",0.25,2.0,8.0
"v05m1d2C[[0,0,1]]p[[[],[],[0,1,4,0]]]nm0.5np0.5c620s8.intohylo",0.25,4.0,8.0
"v05m1d2C[[0,0,1]]p[[[],[],[0,1,4,0]]]nm0.5np0.5c620s9.intohylo",0.25,4.0,4.0
"v05m1d2C[[0,0,1]]p[[[],[],[0,1,4,0]]]nm0.5np0.5c640s0.intohylo",0.25,4.0,4.0
"v05m1d2C[[0,0,1]]p[[[],[],[0,1,4,0]]]nm0.5np0.5c640s1.intohylo",0.25,4.0,4.0
"v05m1d2C[[0,0,1]]p[[[],[],[0,1,4,0]]]nm0.5np0.5c640s2.intohylo",0.25,4.0,-1.0
"v05m1d2C[[0,0,1]]p[[[],[],[0,1,4,0]]]nm0.5np0.5c640s3.intohylo",0.25,4.0,-1.0
"v05m1d2C[[0,0,1]]p[[[],[],[0,1,4,0]]]nm0.5np0.5c640s4.intohylo",0.25,4.0,4.0
"v05m1d2C[[0,0,1]]p[[[],[],[0,1,4,0]]]nm0.5np0.5c640s5.intohylo",0.25,4.0,4.0
"v05m1d2C[[0,0,1]]p[[[],[],[0,1,4,0]]]nm0.5np0.5c640s6.intohylo",0.25,4.0,4.0
"v05m1d2C[[0,0,1]]p[[[],[],[0,1,4,0]]]nm0.5np0.5c640s7.intohylo",0.25,4.0,8.0
"v05m1d2C[[0,0,1]]p[[[],[],[0,1,4,0]]]nm0.5np0.5c640s8.intohylo",0.25,4.0,4.0
"v05m1d2C[[0,0,1]]p[[[],[],[0,1,4,0]]]nm0.5np0.5c640s9.intohylo",0.25,4.0,-1.0
"v05m1d2C[[0,0,1]]p[[[],[],[0,1,4,0]]]nm0.5np0.5c660s0.intohylo",0.25,4.0,4.0
"v05m1d2C[[0,0,1]]p[[[],[],[0,1,4,0]]]nm0.5np0.5c660s1.intohylo",0.25,4.0,4.0
"v05m1d2C[[0,0,1]]p[[[],[],[0,1,4,0]]]nm0.5np0.5c660s2.intohylo",0.25,4.0,4.0
"v05m1d2C[[0,0,1]]p[[[],[],[0,1,4,0]]]nm0.5np0.5c660s3.intohylo",0.25,4.0,4.0
"v05m1d2C[[0,0,1]]p[[[],[],[0,1,4,0]]]nm0.5np0.5c660s4.intohylo",0.25,4.0,8.0
"v05m1d2C[[0,0,1]]p[[[],[],[0,1,4,0]]]nm0.5np0.5c660s5.intohylo",0.25,4.0,4.0
"v05m1d2C[[0,0,1]]p[[[],[],[0,1,4,0]]]nm0.5np0.5c660s6.intohylo",0.25,4.0,-1.0
"v05m1d2C[[0,0,1]]p[[[],[],[0,1,4,0]]]nm0.5np0.5c660s7.intohylo",0.25,4.0,8.0
"v05m1d2C[[0,0,1]]p[[[],[],[0,1,4,0]]]nm0.5np0.5c660s8.intohylo",0.25,4.0,4.0
"v05m1d2C[[0,0,1]]p[[[],[],[0,1,4,0]]]nm0.5np0.5c660s9.intohylo",0.25,4.0,4.0
"v05m1d2C[[0,0,1]]p[[[],[],[0,3,3,0]]]nm0.5np0.5c440s0.intohylo",0.25,8.0,-1.0
"v05m1d2C[[0,0,1]]p[[[],[],[0,3,3,0]]]nm0.5np0.5c440s1.intohylo",0.25,8.0,-1.0
"v05m1d2C[[0,0,1]]p[[[],[],[0,3,3,0]]]nm0.5np0.5c440s2.intohylo",0.25,8.0,-1.0
"v05m1d2C[[0,0,1]]p[[[],[],[0,3,3,0]]]nm0.5np0.5c440s3.intohylo",0.25,4.0,8.0
"v05m1d2C[[0,0,1]]p[[[],[],[0,3,3,0]]]nm0.5np0.5c440s4.intohylo",0.25,8.0,-1.0
"v05m1d2C[[0,0,1]]p[[[],[],[0,3,3,0]]]nm0.5np0.5c440s5.intohylo",0.25,8.0,-1.0
"v05m1d2C[[0,0,1]]p[[[],[],[0,3,3,0]]]nm0.5np0.5c440s6.intohylo",0.25,8.0,-1.0
"v05m1d2C[[0,0,1]]p[[[],[],[0,3,3,0]]]nm0.5np0.5c440s7.intohylo",0.25,8.0,-1.0
"v05m1d2C[[0,0,1]]p[[[],[],[0,3,3,0]]]nm0.5np0.5c440s8.intohylo",0.25,8.0,-1.0
"v05m1d2C[[0,0,1]]p[[[],[],[0,3,3,0]]]nm0.5np0.5c440s9.intohylo",0.25,4.0,-1.0
"v05m1d2C[[0,0,1]]p[[[],[],[0,3,3,0]]]nm0.5np0.5c460s0.intohylo",0.25,8.0,-1.0
"v05m1d2C[[0,0,1]]p[[[],[],[0,3,3,0]]]nm0.5np0.5c460s1.intohylo",0.25,8.0,-1.0
"v05m1d2C[[0,0,1]]p[[[],[],[0,3,3,0]]]nm0.5np0.5c460s2.intohylo",0.25,8.0,-1.0
"v05m1d2C[[0,0,1]]p[[[],[],[0,3,3,0]]]nm0.5np0.5c460s3.intohylo",0.25,8.0,-1.0
"v05m1d2C[[0,0,1]]p[[[],[],[0,3,3,0]]]nm0.5np0.5c460s4.intohylo",0.25,8.0,4.0
"v05m1d2C[[0,0,1]]p[[[],[],[0,3,3,0]]]nm0.5np0.5c460s5.intohylo",0.25,8.0,-1.0
"v05m1d2C[[0,0,1]]p[[[],[],[0,3,3,0]]]nm0.5np0.5c460s6.intohylo",0.25,4.0,4.0
"v05m1d2C[[0,0,1]]p[[[],[],[0,3,3,0]]]nm0.5np0.5c460s7.intohylo",0.25,4.0,-1.0
"v05m1d2C[[0,0,1]]p[[[],[],[0,3,3,0]]]nm0.5np0.5c460s8.intohylo",0.25,8.0,4.0
"v05m1d2C[[0,0,1]]p[[[],[],[0,3,3,0]]]nm0.5np0.5c460s9.intohylo",0.25,4.0,-1.0
"v05m1d2C[[0,0,1]]p[[[],[],[0,3,3,0]]]nm0.5np0.5c480s0.intohylo",0.25,4.0,8.0
"v05m1d2C[[0,0,1]]p[[[],[],[0,3,3,0]]]nm0.5np0.5c480s1.intohylo",0.25,4.0,4.0
"v05m1d2C[[0,0,1]]p[[[],[],[0,3,3,0]]]nm0.5np0.5c480s2.intohylo",0.25,4.0,-1.0
"v05m1d2C[[0,0,1]]p[[[],[],[0,3,3,0]]]nm0.5np0.5c480s3.intohylo",0.25,4.0,-1.0
"v05m1d2C[[0,0,1]]p[[[],[],[0,3,3,0]]]nm0.5np0.5c480s4.intohylo",0.25,4.0,-1.0
"v05m1d2C[[0,0,1]]p[[[],[],[0,3,3,0]]]nm0.5np0.5c480s5.intohylo",0.25,4.0,-1.0
"v05m1d2C[[0,0,1]]p[[[],[],[0,3,3,0]]]nm0.5np0.5c480s6.intohylo",0.25,8.0,-1.0
"v05m1d2C[[0,0,1]]p[[[],[],[0,3,3,0]]]nm0.5np0.5c480s7.intohylo",0.25,8.0,-1.0
"v05m1d2C[[0,0,1]]p[[[],[],[0,3,3,0]]]nm0.5np0.5c480s8.intohylo",0.25,4.0,-1.0
"v05m1d2C[[0,0,1]]p[[[],[],[0,3,3,0]]]nm0.5np0.5c480s9.intohylo",0.25,4.0,4.0
"v05m1d2C[[0,0,1]]p[[[],[],[0,3,3,0]]]nm0.5np0.5c500s0.intohylo",0.25,4.0,-1.0
"v05m1d2C[[0,0,1]]p[[[],[],[0,3,3,0]]]nm0.5np0.5c500s1.intohylo",0.25,8.0,-1.0
"v05m1d2C[[0,0,1]]p[[[],[],[0,3,3,0]]]nm0.5np0.5c500s2.intohylo",0.25,4.0,4.0
"v05m1d2C[[0,0,1]]p[[[],[],[0,3,3,0]]]nm0.5np0.5c500s3.intohylo",0.25,4.0,8.0
"v05m1d2C[[0,0,1]]p[[[],[],[0,3,3,0]]]nm0.5np0.5c500s4.intohylo",0.25,4.0,-1.0
"v05m1d2C[[0,0,1]]p[[[],[],[0,3,3,0]]]nm0.5np0.5c500s5.intohylo",0.25,4.0,4.0
"v05m1d2C[[0,0,1]]p[[[],[],[0,3,3,0]]]nm0.5np0.5c500s6.intohylo",0.25,4.0,-1.0
"v05m1d2C[[0,0,1]]p[[[],[],[0,3,3,0]]]nm0.5np0.5c500s7.intohylo",0.25,4.0,-1.0
"v05m1d2C[[0,0,1]]p[[[],[],[0,3,3,0]]]nm0.5np0.5c500s8.intohylo",0.25,8.0,-1.0
"v05m1d2C[[0,0,1]]p[[[],[],[0,3,3,0]]]nm0.5np0.5c500s9.intohylo",0.25,4.0,-1.0
"v05m1d2C[[0,0,1]]p[[[],[],[0,3,3,0]]]nm0.5np0.5c520s0.intohylo",0.25,4.0,4.0
"v05m1d2C[[0,0,1]]p[[[],[],[0,3,3,0]]]nm0.5np0.5c520s1.intohylo",0.25,4.0,8.0
"v05m1d2C[[0,0,1]]p[[[],[],[0,3,3,0]]]nm0.5np0.5c520s2.intohylo",0.25,4.0,4.0
"v05m1d2C[[0,0,1]]p[[[],[],[0,3,3,0]]]nm0.5np0.5c520s3.intohylo",0.25,4.0,-1.0
"v05m1d2C[[0,0,1]]p[[[],[],[0,3,3,0]]]nm0.5np0.5c520s4.intohylo",0.25,4.0,8.0
"v05m1d2C[[0,0,1]]p[[[],[],[0,3,3,0]]]nm0.5np0.5c520s5.intohylo",0.25,4.0,-1.0
"v05m1d2C[[0,0,1]]p[[[],[],[0,3,3,0]]]nm0.5np0.5c520s6.intohylo",0.25,4.0,-1.0
"v05m1d2C[[0,0,1]]p[[[],[],[0,3,3,0]]]nm0.5np0.5c520s7.intohylo",0.25,4.0,-1.0
"v05m1d2C[[0,0,1]]p[[[],[],[0,3,3,0]]]nm0.5np0.5c520s8.intohylo",0.25,4.0,4.0
"v05m1d2C[[0,0,1]]p[[[],[],[0,3,3,0]]]nm0.5np0.5c520s9.intohylo",0.25,4.0,-1.0
"v05m1d2C[[0,0,1]]p[[[],[],[0,3,3,0]]]nm0.5np0.5c540s0.intohylo",0.25,4.0,-1.0
"v05m1d2C[[0,0,1]]p[[[],[],[0,3,3,0]]]nm0.5np0.5c540s1.intohylo",0.25,4.0,-1.0
"v05m1d2C[[0,0,1]]p[[[],[],[0,3,3,0]]]nm0.5np0.5c540s2.intohylo",0.25,4.0,8.0
"v05m1d2C[[0,0,1]]p[[[],[],[0,3,3,0]]]nm0.5np0.5c540s3.intohylo",0.25,4.0,-1.0
"v05m1d2C[[0,0,1]]p[[[],[],[0,3,3,0]]]nm0.5np0.5c540s4.intohylo",0.25,4.0,4.0
"v05m1d2C[[0,0,1]]p[[[],[],[0,3,3,0]]]nm0.5np0.5c540s5.intohylo",0.25,4.0,-1.0
"v05m1d2C[[0,0,1]]p[[[],[],[0,3,3,0]]]nm0.5np0.5c540s6.intohylo",0.25,4.0,4.0
"v05m1d2C[[0,0,1]]p[[[],[],[0,3,3,0]]]nm0.5np0.5c540s7.intohylo",0.25,4.0,4.0
"v05m1d2C[[0,0,1]]p[[[],[],[0,3,3,0]]]nm0.5np0.5c540s8.intohylo",0.25,4.0,-1.0
"v05m1d2C[[0,0,1]]p[[[],[],[0,3,3,0]]]nm0.5np0.5c540s9.intohylo",0.25,4.0,-1.0
"v05m1d2C[[0,0,1]]p[[[],[],[0,3,3,0]]]nm0.5np0.5c560s0.intohylo",0.25,4.0,8.0
"v05m1d2C[[0,0,1]]p[[[],[],[0,3,3,0]]]nm0.5np0.5c560s1.intohylo",0.25,8.0,-1.0
"v05m1d2C[[0,0,1]]p[[[],[],[0,3,3,0]]]nm0.5np0.5c560s2.intohylo",0.25,4.0,8.0
"v05m1d2C[[0,0,1]]p[[[],[],[0,3,3,0]]]nm0.5np0.5c560s3.intohylo",0.25,4.0,8.0
"v05m1d2C[[0,0,1]]p[[[],[],[0,3,3,0]]]nm0.5np0.5c560s4.intohylo",0.25,4.0,8.0
"v05m1d2C[[0,0,1]]p[[[],[],[0,3,3,0]]]nm0.5np0.5c560s5.intohylo",0.25,4.0,8.0
"v05m1d2C[[0,0,1]]p[[[],[],[0,3,3,0]]]nm0.5np0.5c560s6.intohylo",0.25,4.0,-1.0
"v05m1d2C[[0,0,1]]p[[[],[],[0,3,3,0]]]nm0.5np0.5c560s7.intohylo",0.25,4.0,-1.0
"v05m1d2C[[0,0,1]]p[[[],[],[0,3,3,0]]]nm0.5np0.5c560s8.intohylo",0.25,4.0,8.0
"v05m1d2C[[0,0,1]]p[[[],[],[0,3,3,0]]]nm0.5np0.5c560s9.intohylo",0.25,4.0,-1.0
"v05m1d2C[[0,0,1]]p[[[],[],[0,3,3,0]]]nm0.5np0.5c580s0.intohylo",0.25,8.0,-1.0
"v05m1d2C[[0,0,1]]p[[[],[],[0,3,3,0]]]nm0.5np0.5c580s1.intohylo",0.25,4.0,8.0
"v05m1d2C[[0,0,1]]p[[[],[],[0,3,3,0]]]nm0.5np0.5c580s2.intohylo",0.25,4.0,-1.0
"v05m1d2C[[0,0,1]]p[[[],[],[0,3,3,0]]]nm0.5np0.5c580s3.intohylo",0.25,4.0,8.0
"v05m1d2C[[0,0,1]]p[[[],[],[0,3,3,0]]]nm0.5np0.5c580s4.intohylo",0.25,4.0,8.0
"v05m1d2C[[0,0,1]]p[[[],[],[0,3,3,0]]]nm0.5np0.5c580s5.intohylo",0.25,4.0,8.0
"v05m1d2C[[0,0,1]]p[[[],[],[0,3,3,0]]]nm0.5np0.5c580s6.intohylo",0.25,4.0,-1.0
"v05m1d2C[[0,0,1]]p[[[],[],[0,3,3,0]]]nm0.5np0.5c580s7.intohylo",0.25,8.0,-1.0
"v05m1d2C[[0,0,1]]p[[[],[],[0,3,3,0]]]nm0.5np0.5c580s8.intohylo",0.25,4.0,8.0
"v05m1d2C[[0,0,1]]p[[[],[],[0,3,3,0]]]nm0.5np0.5c580s9.intohylo",0.25,4.0,8.0
"v05m1d2C[[0,0,1]]p[[[],[],[0,3,3,0]]]nm0.5np0.5c600s0.intohylo",0.25,4.0,8.0
"v05m1d2C[[0,0,1]]p[[[],[],[0,3,3,0]]]nm0.5np0.5c600s1.intohylo",0.25,4.0,8.0
"v05m1d2C[[0,0,1]]p[[[],[],[0,3,3,0]]]nm0.5np0.5c600s2.intohylo",0.25,4.0,-1.0
"v05m1d2C[[0,0,1]]p[[[],[],[0,3,3,0]]]nm0.5np0.5c600s3.intohylo",0.25,4.0,-1.0
"v05m1d2C[[0,0,1]]p[[[],[],[0,3,3,0]]]nm0.5np0.5c600s4.intohylo",0.25,4.0,-1.0
"v05m1d2C[[0,0,1]]p[[[],[],[0,3,3,0]]]nm0.5np0.5c600s5.intohylo",0.25,4.0,8.0
"v05m1d2C[[0,0,1]]p[[[],[],[0,3,3,0]]]nm0.5np0.5c600s6.intohylo",0.25,8.0,8.0
"v05m1d2C[[0,0,1]]p[[[],[],[0,3,3,0]]]nm0.5np0.5c600s7.intohylo",0.25,8.0,8.0
"v05m1d2C[[0,0,1]]p[[[],[],[0,3,3,0]]]nm0.5np0.5c600s8.intohylo",0.25,4.0,-1.0
"v05m1d2C[[0,0,1]]p[[[],[],[0,3,3,0]]]nm0.5np0.5c600s9.intohylo",0.25,4.0,-1.0
"v05m1d2C[[0,0,1]]p[[[],[],[0,3,3,0]]]nm0.5np0.5c620s0.intohylo",0.25,8.0,8.0
"v05m1d2C[[0,0,1]]p[[[],[],[0,3,3,0]]]nm0.5np0.5c620s1.intohylo",0.5,8.0,-1.0
"v05m1d2C[[0,0,1]]p[[[],[],[0,3,3,0]]]nm0.5np0.5c620s2.intohylo",0.25,8.0,8.0
"v05m1d2C[[0,0,1]]p[[[],[],[0,3,3,0]]]nm0.5np0.5c620s3.intohylo",0.25,8.0,8.0
"v05m1d2C[[0,0,1]]p[[[],[],[0,3,3,0]]]nm0.5np0.5c620s4.intohylo",0.25,8.0,8.0
"v05m1d2C[[0,0,1]]p[[[],[],[0,3,3,0]]]nm0.5np0.5c620s5.intohylo",0.25,4.0,-1.0
"v05m1d2C[[0,0,1]]p[[[],[],[0,3,3,0]]]nm0.5np0.5c620s6.intohylo",0.25,8.0,-1.0
"v05m1d2C[[0,0,1]]p[[[],[],[0,3,3,0]]]nm0.5np0.5c620s7.intohylo",0.25,4.0,8.0
"v05m1d2C[[0,0,1]]p[[[],[],[0,3,3,0]]]nm0.5np0.5c620s8.intohylo",0.25,8.0,-1.0
"v05m1d2C[[0,0,1]]p[[[],[],[0,3,3,0]]]nm0.5np0.5c620s9.intohylo",0.25,4.0,-1.0
"v06m1d1C[[0,0,1]]p[[[],[],[1,0,0,0]]]nm0.5np0.5c120s0.intohylo",8.0,0.5,8.0
"v06m1d1C[[0,0,1]]p[[[],[],[1,0,0,0]]]nm0.5np0.5c120s1.intohylo",2.0,0.5,-1.0
"v06m1d1C[[0,0,1]]p[[[],[],[1,0,0,0]]]nm0.5np0.5c120s2.intohylo",8.0,0.5,-1.0
"v06m1d1C[[0,0,1]]p[[[],[],[1,0,0,0]]]nm0.5np0.5c120s3.intohylo",2.0,0.25,-1.0
"v06m1d1C[[0,0,1]]p[[[],[],[1,0,0,0]]]nm0.5np0.5c120s4.intohylo",4.0,0.5,1.0
"v06m1d1C[[0,0,1]]p[[[],[],[1,0,0,0]]]nm0.5np0.5c120s5.intohylo",8.0,1.0,-1.0
"v06m1d1C[[0,0,1]]p[[[],[],[1,0,0,0]]]nm0.5np0.5c120s6.intohylo",8.0,1.0,4.0
"v06m1d1C[[0,0,1]]p[[[],[],[1,0,0,0]]]nm0.5np0.5c120s7.intohylo",4.0,0.5,-1.0
"v06m1d1C[[0,0,1]]p[[[],[],[1,0,0,0]]]nm0.5np0.5c120s8.intohylo",8.0,1.0,-1.0
"v06m1d1C[[0,0,1]]p[[[],[],[1,0,0,0]]]nm0.5np0.5c120s9.intohylo",4.0,0.5,-1.0
"v06m1d1C[[0,0,1]]p[[[],[],[1,0,0,0]]]nm0.5np0.5c132s0.intohylo",8.0,0.5,-1.0
"v06m1d1C[[0,0,1]]p[[[],[],[1,0,0,0]]]nm0.5np0.5c132s1.intohylo",8.0,2.0,4.0
"v06m1d1C[[0,0,1]]p[[[],[],[1,0,0,0]]]nm0.5np0.5c132s2.intohylo",8.0,1.0,-1.0
"v06m1d1C[[0,0,1]]p[[[],[],[1,0,0,0]]]nm0.5np0.5c132s3.intohylo",-1.0,0.5,-1.0
"v06m1d1C[[0,0,1]]p[[[],[],[1,0,0,0]]]nm0.5np0.5c132s4.intohylo",8.0,0.5,-1.0
"v06m1d1C[[0,0,1]]p[[[],[],[1,0,0,0]]]nm0.5np0.5c132s5.intohylo",4.0,1.0,0.5
"v06m1d1C[[0,0,1]]p[[[],[],[1,0,0,0]]]nm0.5np0.5c132s6.intohylo",8.0,1.0,-1.0
"v06m1d1C[[0,0,1]]p[[[],[],[1,0,0,0]]]nm0.5np0.5c132s7.intohylo",4.0,0.5,-1.0
"v06m1d1C[[0,0,1]]p[[[],[],[1,0,0,0]]]nm0.5np0.5c132s8.intohylo",8.0,1.0,-1.0
"v06m1d1C[[0,0,1]]p[[[],[],[1,0,0,0]]]nm0.5np0.5c132s9.intohylo",8.0,0.5,-1.0
"v06m1d1C[[0,0,1]]p[[[],[],[1,0,0,0]]]nm0.5np0.5c144s0.intohylo",8.0,1.0,-1.0
"v06m1d1C[[0,0,1]]p[[[],[],[1,0,0,0]]]nm0.5np0.5c144s1.intohylo",8.0,1.0,-1.0
"v06m1d1C[[0,0,1]]p[[[],[],[1,0,0,0]]]nm0.5np0.5c144s2.intohylo",8.0,0.5,-1.0
"v06m1d1C[[0,0,1]]p[[[],[],[1,0,0,0]]]nm0.5np0.5c144s3.intohylo",-1.0,0.5,-1.0
"v06m1d1C[[0,0,1]]p[[[],[],[1,0,0,0]]]nm0.5np0.5c144s4.intohylo",8.0,0.5,-1.0
"v06m1d1C[[0,0,1]]p[[[],[],[1,0,0,0]]]nm0.5np0.5c144s5.intohylo",-1.0,1.0,-1.0
"v06m1d1C[[0,0,1]]p[[[],[],[1,0,0,0]]]nm0.5np0.5c144s6.intohylo",8.0,1.0,-1.0
"v06m1d1C[[0,0,1]]p[[[],[],[1,0,0,0]]]nm0.5np0.5c144s7.intohylo",-1.0,1.0,2.0
"v06m1d1C[[0,0,1]]p[[[],[],[1,0,0,0]]]nm0.5np0.5c144s8.intohylo",8.0,0.5,-1.0
"v06m1d1C[[0,0,1]]p[[[],[],[1,0,0,0]]]nm0.5np0.5c144s9.intohylo",8.0,1.0,-1.0
"v06m1d1C[[0,0,1]]p[[[],[],[1,0,0,0]]]nm0.5np0.5c150s0.intohylo",8.0,1.0,-1.0
"v06m1d1C[[0,0,1]]p[[[],[],[1,0,0,0]]]nm0.5np0.5c150s1.intohylo",8.0,1.0,-1.0
"v06m1d1C[[0,0,1]]p[[[],[],[1,0,0,0]]]nm0.5np0.5c150s2.intohylo",8.0,1.0,-1.0
"v06m1d1C[[0,0,1]]p[[[],[],[1,0,0,0]]]nm0.5np0.5c150s3.intohylo",8.0,1.0,-1.0
"v06m1d1C[[0,0,1]]p[[[],[],[1,0,0,0]]]nm0.5np0.5c150s4.intohylo",8.0,2.0,-1.0
"v06m1d1C[[0,0,1]]p[[[],[],[1,0,0,0]]]nm0.5np0.5c150s5.intohylo",8.0,1.0,-1.0
"v06m1d1C[[0,0,1]]p[[[],[],[1,0,0,0]]]nm0.5np0.5c150s6.intohylo",8.0,1.0,-1.0
"v06m1d1C[[0,0,1]]p[[[],[],[1,0,0,0]]]nm0.5np0.5c150s7.intohylo",-1.0,0.5,-1.0
"v06m1d1C[[0,0,1]]p[[[],[],[1,0,0,0]]]nm0.5np0.5c150s8.intohylo",8.0,1.0,-1.0
"v06m1d1C[[0,0,1]]p[[[],[],[1,0,0,0]]]nm0.5np0.5c150s9.intohylo",8.0,1.0,-1.0
"v06m1d1C[[0,0,1]]p[[[],[],[1,0,0,0]]]nm0.5np0.5c156s0.intohylo",8.0,0.5,-1.0
"v06m1d1C[[0,0,1]]p[[[],[],[1,0,0,0]]]nm0.5np0.5c156s1.intohylo",-1.0,1.0,-1.0
"v06m1d1C[[0,0,1]]p[[[],[],[1,0,0,0]]]nm0.5np0.5c156s2.intohylo",-1.0,0.5,-1.0
"v06m1d1C[[0,0,1]]p[[[],[],[1,0,0,0]]]nm0.5np0.5c156s3.intohylo",8.0,1.0,-1.0
"v06m1d1C[[0,0,1]]p[[[],[],[1,0,0,0]]]nm0.5np0.5c156s4.intohylo",8.0,1.0,-1.0
"v06m1d1C[[0,0,1]]p[[[],[],[1,0,0,0]]]nm0.5np0.5c156s5.intohylo",8.0,0.5,-1.0
"v06m1d1C[[0,0,1]]p[[[],[],[1,0,0,0]]]nm0.5np0.5c156s6.intohylo",-1.0,0.5,-1.0
"v06m1d1C[[0,0,1]]p[[[],[],[1,0,0,0]]]nm0.5np0.5c156s7.intohylo",8.0,1.0,-1.0
"v06m1d1C[[0,0,1]]p[[[],[],[1,0,0,0]]]nm0.5np0.5c156s8.intohylo",-1.0,0.5,-1.0
"v06m1d1C[[0,0,1]]p[[[],[],[1,0,0,0]]]nm0.5np0.5c156s9.intohylo",8.0,1.0,-1.0
"v06m1d1C[[0,0,1]]p[[[],[],[1,0,0,0]]]nm0.5np0.5c162s0.intohylo",8.0,1.0,-1.0
"v06m1d1C[[0,0,1]]p[[[],[],[1,0,0,0]]]nm0.5np0.5c162s1.intohylo",-1.0,1.0,-1.0
"v06m1d1C[[0,0,1]]p[[[],[],[1,0,0,0]]]nm0.5np0.5c162s2.intohylo",8.0,0.5,-1.0
"v06m1d1C[[0,0,1]]p[[[],[],[1,0,0,0]]]nm0.5np0.5c162s3.intohylo",8.0,1.0,-1.0
"v06m1d1C[[0,0,1]]p[[[],[],[1,0,0,0]]]nm0.5np0.5c162s4.intohylo",8.0,1.0,-1.0
"v06m1d1C[[0,0,1]]p[[[],[],[1,0,0,0]]]nm0.5np0.5c162s5.intohylo",8.0,1.0,-1.0
"v06m1d1C[[0,0,1]]p[[[],[],[1,0,0,0]]]nm0.5np0.5c162s6.intohylo",-1.0,1.0,-1.0
"v06m1d1C[[0,0,1]]p[[[],[],[1,0,0,0]]]nm0.5np0.5c162s7.intohylo",8.0,1.0,-1.0
"v06m1d1C[[0,0,1]]p[[[],[],[1,0,0,0]]]nm0.5np0.5c162s8.intohylo",-1.0,1.0,-1.0
"v06m1d1C[[0,0,1]]p[[[],[],[1,0,0,0]]]nm0.5np0.5c162s9.intohylo",-1.0,1.0,-1.0
"v06m1d1C[[0,0,1]]p[[[],[],[1,0,0,0]]]nm0.5np0.5c174s0.intohylo",8.0,1.0,-1.0
"v06m1d1C[[0,0,1]]p[[[],[],[1,0,0,0]]]nm0.5np0.5c174s1.intohylo",-1.0,1.0,-1.0
"v06m1d1C[[0,0,1]]p[[[],[],[1,0,0,0]]]nm0.5np0.5c174s2.intohylo",-1.0,2.0,-1.0
"v06m1d1C[[0,0,1]]p[[[],[],[1,0,0,0]]]nm0.5np0.5c174s3.intohylo",-1.0,1.0,-1.0
"v06m1d1C[[0,0,1]]p[[[],[],[1,0,0,0]]]nm0.5np0.5c174s4.intohylo",-1.0,1.0,-1.0
"v06m1d1C[[0,0,1]]p[[[],[],[1,0,0,0]]]nm0.5np0.5c174s5.intohylo",-1.0,1.0,-1.0
"v06m1d1C[[0,0,1]]p[[[],[],[1,0,0,0]]]nm0.5np0.5c174s6.intohylo",-1.0,1.0,-1.0
"v06m1d1C[[0,0,1]]p[[[],[],[1,0,0,0]]]nm0.5np0.5c174s7.intohylo",-1.0,0.5,-1.0
"v06m1d1C[[0,0,1]]p[[[],[],[1,0,0,0]]]nm0.5np0.5c174s8.intohylo",8.0,1.0,-1.0
"v06m1d1C[[0,0,1]]p[[[],[],[1,0,0,0]]]nm0.5np0.5c174s9.intohylo",-1.0,1.0,-1.0
"v06m1d1C[[0,0,1]]p[[[],[],[1,0,0,0]]]nm0.5np0.5c186s0.intohylo",-1.0,1.0,-1.0
"v06m1d1C[[0,0,1]]p[[[],[],[1,0,0,0]]]nm0.5np0.5c186s1.intohylo",8.0,1.0,-1.0
"v06m1d1C[[0,0,1]]p[[[],[],[1,0,0,0]]]nm0.5np0.5c186s2.intohylo",8.0,1.0,-1.0
"v06m1d1C[[0,0,1]]p[[[],[],[1,0,0,0]]]nm0.5np0.5c186s3.intohylo",-1.0,1.0,-1.0
"v06m1d1C[[0,0,1]]p[[[],[],[1,0,0,0]]]nm0.5np0.5c186s4.intohylo",-1.0,1.0,-1.0
"v06m1d1C[[0,0,1]]p[[[],[],[1,0,0,0]]]nm0.5np0.5c186s5.intohylo",8.0,1.0,-1.0
"v06m1d1C[[0,0,1]]p[[[],[],[1,0,0,0]]]nm0.5np0.5c186s6.intohylo",-1.0,1.0,-1.0
"v06m1d1C[[0,0,1]]p[[[],[],[1,0,0,0]]]nm0.5np0.5c186s7.intohylo",-1.0,1.0,-1.0
"v06m1d1C[[0,0,1]]p[[[],[],[1,0,0,0]]]nm0.5np0.5c186s8.intohylo",-1.0,1.0,-1.0
"v06m1d1C[[0,0,1]]p[[[],[],[1,0,0,0]]]nm0.5np0.5c186s9.intohylo",-1.0,1.0,-1.0
"v06m1d1C[[0,0,1]]p[[[],[],[1,0,0,0]]]nm0.5np0.5c198s0.intohylo",8.0,1.0,-1.0
"v06m1d1C[[0,0,1]]p[[[],[],[1,0,0,0]]]nm0.5np0.5c198s1.intohylo",-1.0,2.0,-1.0
"v06m1d1C[[0,0,1]]p[[[],[],[1,0,0,0]]]nm0.5np0.5c198s2.intohylo",-1.0,0.5,-1.0
"v06m1d1C[[0,0,1]]p[[[],[],[1,0,0,0]]]nm0.5np0.5c198s3.intohylo",-1.0,1.0,-1.0
"v06m1d1C[[0,0,1]]p[[[],[],[1,0,0,0]]]nm0.5np0.5c198s4.intohylo",-1.0,2.0,-1.0
"v06m1d1C[[0,0,1]]p[[[],[],[1,0,0,0]]]nm0.5np0.5c198s5.intohylo",-1.0,1.0,-1.0
"v06m1d1C[[0,0,1]]p[[[],[],[1,0,0,0]]]nm0.5np0.5c198s6.intohylo",-1.0,1.0,-1.0
"v06m1d1C[[0,0,1]]p[[[],[],[1,0,0,0]]]nm0.5np0.5c198s7.intohylo",-1.0,1.0,-1.0
"v06m1d1C[[0,0,1]]p[[[],[],[1,0,0,0]]]nm0.5np0.5c198s8.intohylo",-1.0,1.0,-1.0
"v06m1d1C[[0,0,1]]p[[[],[],[1,0,0,0]]]nm0.5np0.5c198s9.intohylo",-1.0,1.0,-1.0
"v06m1d1C[[0,0,1]]p[[[],[],[1,0,0,0]]]nm0.5np0.5c210s0.intohylo",-1.0,1.0,-1.0
"v06m1d1C[[0,0,1]]p[[[],[],[1,0,0,0]]]nm0.5np0.5c210s1.intohylo",-1.0,1.0,-1.0
"v06m1d1C[[0,0,1]]p[[[],[],[1,0,0,0]]]nm0.5np0.5c210s2.intohylo",-1.0,1.0,-1.0
"v06m1d1C[[0,0,1]]p[[[],[],[1,0,0,0]]]nm0.5np0.5c210s3.intohylo",-1.0,1.0,-1.0
"v06m1d1C[[0,0,1]]p[[[],[],[1,0,0,0]]]nm0.5np0.5c210s4.intohylo",-1.0,1.0,-1.0
"v06m1d1C[[0,0,1]]p[[[],[],[1,0,0,0]]]nm0.5np0.5c210s5.intohylo",-1.0,1.0,-1.0
"v06m1d1C[[0,0,1]]p[[[],[],[1,0,0,0]]]nm0.5np0.5c210s6.intohylo",-1.0,1.0,-1.0
"v06m1d1C[[0,0,1]]p[[[],[],[1,0,0,0]]]nm0.5np0.5c210s7.intohylo",-1.0,1.0,-1.0
"v06m1d1C[[0,0,1]]p[[[],[],[1,0,0,0]]]nm0.5np0.5c210s8.intohylo",-1.0,1.0,-1.0
"v06m1d1C[[0,0,1]]p[[[],[],[1,0,0,0]]]nm0.5np0.5c210s9.intohylo",-1.0,1.0,-1.0
"v06m1d2C[[0,0,1]]p[[[],[],[1,3,3,1]]]nm0.5np0.5c192s0.intohylo",0.25,1.0,1.0
"v06m1d2C[[0,0,1]]p[[[],[],[1,3,3,1]]]nm0.5np0.5c192s1.intohylo",0.5,1.0,2.0
"v06m1d2C[[0,0,1]]p[[[],[],[1,3,3,1]]]nm0.5np0.5c192s2.intohylo",0.25,1.0,1.0
"v06m1d2C[[0,0,1]]p[[[],[],[1,3,3,1]]]nm0.5np0.5c192s3.intohylo",0.25,1.0,2.0
"v06m1d2C[[0,0,1]]p[[[],[],[1,3,3,1]]]nm0.5np0.5c192s4.intohylo",0.25,0.5,2.0
"v06m1d2C[[0,0,1]]p[[[],[],[1,3,3,1]]]nm0.5np0.5c192s5.intohylo",0.25,2.0,2.0
"v06m1d2C[[0,0,1]]p[[[],[],[1,3,3,1]]]nm0.5np0.5c192s6.intohylo",0.25,2.0,1.0
"v06m1d2C[[0,0,1]]p[[[],[],[1,3,3,1]]]nm0.5np0.5c192s7.intohylo",0.5,1.0,-1.0
"v06m1d2C[[0,0,1]]p[[[],[],[1,3,3,1]]]nm0.5np0.5c192s8.intohylo",0.5,2.0,8.0
"v06m1d2C[[0,0,1]]p[[[],[],[1,3,3,1]]]nm0.5np0.5c192s9.intohylo",1.0,4.0,-1.0
"v06m1d2C[[0,0,1]]p[[[],[],[1,3,3,1]]]nm0.5np0.5c216s0.intohylo",0.25,2.0,2.0
"v06m1d2C[[0,0,1]]p[[[],[],[1,3,3,1]]]nm0.5np0.5c216s1.intohylo",0.25,2.0,2.0
"v06m1d2C[[0,0,1]]p[[[],[],[1,3,3,1]]]nm0.5np0.5c216s2.intohylo",0.5,1.0,-1.0
"v06m1d2C[[0,0,1]]p[[[],[],[1,3,3,1]]]nm0.5np0.5c216s3.intohylo",0.25,2.0,1.0
"v06m1d2C[[0,0,1]]p[[[],[],[1,3,3,1]]]nm0.5np0.5c216s4.intohylo",0.5,1.0,4.0
"v06m1d2C[[0,0,1]]p[[[],[],[1,3,3,1]]]nm0.5np0.5c216s5.intohylo",0.25,1.0,1.0
"v06m1d2C[[0,0,1]]p[[[],[],[1,3,3,1]]]nm0.5np0.5c216s6.intohylo",0.25,1.0,1.0
"v06m1d2C[[0,0,1]]p[[[],[],[1,3,3,1]]]nm0.5np0.5c216s7.intohylo",0.25,4.0,2.0
"v06m1d2C[[0,0,1]]p[[[],[],[1,3,3,1]]]nm0.5np0.5c216s8.intohylo",0.25,1.0,1.0
"v06m1d2C[[0,0,1]]p[[[],[],[1,3,3,1]]]nm0.5np0.5c216s9.intohylo",0.25,1.0,1.0
"v06m1d2C[[0,0,1]]p[[[],[],[1,3,3,1]]]nm0.5np0.5c240s0.intohylo",0.25,2.0,1.0
"v06m1d2C[[0,0,1]]p[[[],[],[1,3,3,1]]]nm0.5np0.5c240s1.intohylo",1.0,2.0,-1.0
"v06m1d2C[[0,0,1]]p[[[],[],[1,3,3,1]]]nm0.5np0.5c240s2.intohylo",0.25,2.0,2.0
"v06m1d2C[[0,0,1]]p[[[],[],[1,3,3,1]]]nm0.5np0.5c240s3.intohylo",0.25,1.0,1.0
"v06m1d2C[[0,0,1]]p[[[],[],[1,3,3,1]]]nm0.5np0.5c240s4.intohylo",0.25,1.0,1.0
"v06m1d2C[[0,0,1]]p[[[],[],[1,3,3,1]]]nm0.5np0.5c240s5.intohylo",0.25,2.0,4.0
"v06m1d2C[[0,0,1]]p[[[],[],[1,3,3,1]]]nm0.5np0.5c240s6.intohylo",0.25,1.0,2.0
"v06m1d2C[[0,0,1]]p[[[],[],[1,3,3,1]]]nm0.5np0.5c240s7.intohylo",1.0,2.0,4.0
"v06m1d2C[[0,0,1]]p[[[],[],[1,3,3,1]]]nm0.5np0.5c240s8.intohylo",0.25,1.0,1.0
"v06m1d2C[[0,0,1]]p[[[],[],[1,3,3,1]]]nm0.5np0.5c240s9.intohylo",0.25,2.0,2.0
"v06m1d2C[[0,0,1]]p[[[],[],[1,3,3,1]]]nm0.5np0.5c264s0.intohylo",0.25,2.0,2.0
"v06m1d2C[[0,0,1]]p[[[],[],[1,3,3,1]]]nm0.5np0.5c264s1.intohylo",0.25,2.0,2.0
"v06m1d2C[[0,0,1]]p[[[],[],[1,3,3,1]]]nm0.5np0.5c264s2.intohylo",1.0,2.0,4.0
"v06m1d2C[[0,0,1]]p[[[],[],[1,3,3,1]]]nm0.5np0.5c264s3.intohylo",0.25,2.0,1.0
"v06m1d2C[[0,0,1]]p[[[],[],[1,3,3,1]]]nm0.5np0.5c264s4.intohylo",0.25,2.0,1.0
"v06m1d2C[[0,0,1]]p[[[],[],[1,3,3,1]]]nm0.5np0.5c264s5.intohylo",0.25,2.0,2.0
"v06m1d2C[[0,0,1]]p[[[],[],[1,3,3,1]]]nm0.5np0.5c264s6.intohylo",0.25,1.0,2.0
"v06m1d2C[[0,0,1]]p[[[],[],[1,3,3,1]]]nm0.5np0.5c264s7.intohylo",0.25,2.0,2.0
"v06m1d2C[[0,0,1]]p[[[],[],[1,3,3,1]]]nm0.5np0.5c264s8.intohylo",0.25,1.0,2.0
"v06m1d2C[[0,0,1]]p[[[],[],[1,3,3,1]]]nm0.5np0.5c264s9.intohylo",0.5,2.0,-1.0
"v06m1d2C[[0,0,1]]p[[[],[],[1,3,3,1]]]nm0.5np0.5c288s0.intohylo",0.25,2.0,2.0
"v06m1d2C[[0,0,1]]p[[[],[],[1,3,3,1]]]nm0.5np0.5c288s1.intohylo",0.25,2.0,2.0
"v06m1d2C[[0,0,1]]p[[[],[],[1,3,3,1]]]nm0.5np0.5c288s2.intohylo",0.25,2.0,2.0
"v06m1d2C[[0,0,1]]p[[[],[],[1,3,3,1]]]nm0.5np0.5c288s3.intohylo",0.25,2.0,2.0
"v06m1d2C[[0,0,1]]p[[[],[],[1,3,3,1]]]nm0.5np0.5c288s4.intohylo",0.25,2.0,4.0
"v06m1d2C[[0,0,1]]p[[[],[],[1,3,3,1]]]nm0.5np0.5c288s5.intohylo",0.25,1.0,2.0
"v06m1d2C[[0,0,1]]p[[[],[],[1,3,3,1]]]nm0.5np0.5c288s6.intohylo",0.25,2.0,2.0
"v06m1d2C[[0,0,1]]p[[[],[],[1,3,3,1]]]nm0.5np0.5c288s7.intohylo",0.25,1.0,2.0
"v06m1d2C[[0,0,1]]p[[[],[],[1,3,3,1]]]nm0.5np0.5c288s8.intohylo",0.25,2.0,2.0
"v06m1d2C[[0,0,1]]p[[[],[],[1,3,3,1]]]nm0.5np0.5c288s9.intohylo",0.25,2.0,2.0
"v06m1d2C[[0,0,1]]p[[[],[],[1,3,3,1]]]nm0.5np0.5c312s0.intohylo",0.25,2.0,2.0
"v06m1d2C[[0,0,1]]p[[[],[],[1,3,3,1]]]nm0.5np0.5c312s1.intohylo",0.25,2.0,2.0
"v06m1d2C[[0,0,1]]p[[[],[],[1,3,3,1]]]nm0.5np0.5c312s2.intohylo",0.25,2.0,2.0
"v06m1d2C[[0,0,1]]p[[[],[],[1,3,3,1]]]nm0.5np0.5c312s3.intohylo",0.25,2.0,4.0
"v06m1d2C[[0,0,1]]p[[[],[],[1,3,3,1]]]nm0.5np0.5c312s4.intohylo",0.25,2.0,2.0
"v06m1d2C[[0,0,1]]p[[[],[],[1,3,3,1]]]nm0.5np0.5c312s5.intohylo",0.25,2.0,2.0
"v06m1d2C[[0,0,1]]p[[[],[],[1,3,3,1]]]nm0.5np0.5c312s6.intohylo",0.25,2.0,2.0
"v06m1d2C[[0,0,1]]p[[[],[],[1,3,3,1]]]nm0.5np0.5c312s7.intohylo",0.25,2.0,2.0
"v06m1d2C[[0,0,1]]p[[[],[],[1,3,3,1]]]nm0.5np0.5c312s8.intohylo",0.25,2.0,2.0
"v06m1d2C[[0,0,1]]p[[[],[],[1,3,3,1]]]nm0.5np0.5c312s9.intohylo",0.25,2.0,2.0
"v06m1d2C[[0,0,1]]p[[[],[],[1,3,3,1]]]nm0.5np0.5c336s0.intohylo",0.25,2.0,2.0
"v06m1d2C[[0,0,1]]p[[[],[],[1,3,3,1]]]nm0.5np0.5c336s1.intohylo",0.25,2.0,4.0
"v06m1d2C[[0,0,1]]p[[[],[],[1,3,3,1]]]nm0.5np0.5c336s2.intohylo",0.25,2.0,2.0
"v06m1d2C[[0,0,1]]p[[[],[],[1,3,3,1]]]nm0.5np0.5c336s3.intohylo",0.25,2.0,2.0
"v06m1d2C[[0,0,1]]p[[[],[],[1,3,3,1]]]nm0.5np0.5c336s4.intohylo",0.25,2.0,4.0
"v06m1d2C[[0,0,1]]p[[[],[],[1,3,3,1]]]nm0.5np0.5c336s5.intohylo",0.25,2.0,2.0
"v06m1d2C[[0,0,1]]p[[[],[],[1,3,3,1]]]nm0.5np0.5c336s6.intohylo",0.25,2.0,4.0
"v06m1d2C[[0,0,1]]p[[[],[],[1,3,3,1]]]nm0.5np0.5c336s7.intohylo",0.25,2.0,2.0
"v06m1d2C[[0,0,1]]p[[[],[],[1,3,3,1]]]nm0.5np0.5c336s8.intohylo",0.25,2.0,2.0
"v06m1d2C[[0,0,1]]p[[[],[],[1,3,3,1]]]nm0.5np0.5c336s9.intohylo",0.25,2.0,2.0
"v06m1d2C[[0,1,1]]p[[[],[0,3,0],[0,3,3,0]]]nm0.5np0.5c228s0.intohylo",0.25,0.25,2.0
"v06m1d2C[[0,1,1]]p[[[],[0,3,0],[0,3,3,0]]]nm0.5np0.5c228s1.intohylo",0.25,0.5,2.0
"v06m1d2C[[0,1,1]]p[[[],[0,3,0],[0,3,3,0]]]nm0.5np0.5c228s2.intohylo",0.25,0.25,2.0
"v06m1d2C[[0,1,1]]p[[[],[0,3,0],[0,3,3,0]]]nm0.5np0.5c228s3.intohylo",0.25,0.25,2.0
"v06m1d2C[[0,1,1]]p[[[],[0,3,0],[0,3,3,0]]]nm0.5np0.5c228s4.intohylo",0.25,0.25,2.0
"v06m1d2C[[0,1,1]]p[[[],[0,3,0],[0,3,3,0]]]nm0.5np0.5c228s5.intohylo",0.25,0.25,2.0
"v06m1d2C[[0,1,1]]p[[[],[0,3,0],[0,3,3,0]]]nm0.5np0.5c228s6.intohylo",0.25,0.25,2.0
"v06m1d2C[[0,1,1]]p[[[],[0,3,0],[0,3,3,0]]]nm0.5np0.5c228s7.intohylo",0.25,0.5,2.0
"v06m1d2C[[0,1,1]]p[[[],[0,3,0],[0,3,3,0]]]nm0.5np0.5c228s8.intohylo",0.25,0.5,2.0
"v06m1d2C[[0,1,1]]p[[[],[0,3,0],[0,3,3,0]]]nm0.5np0.5c228s9.intohylo",0.25,0.5,2.0
"v06m1d2C[[0,1,1]]p[[[],[0,3,0],[0,3,3,0]]]nm0.5np0.5c240s0.intohylo",0.25,0.5,2.0
"v06m1d2C[[0,1,1]]p[[[],[0,3,0],[0,3,3,0]]]nm0.5np0.5c240s1.intohylo",0.25,0.25,2.0
"v06m1d2C[[0,1,1]]p[[[],[0,3,0],[0,3,3,0]]]nm0.5np0.5c240s2.intohylo",0.25,0.25,2.0
"v06m1d2C[[0,1,1]]p[[[],[0,3,0],[0,3,3,0]]]nm0.5np0.5c240s3.intohylo",0.25,0.25,2.0
"v06m1d2C[[0,1,1]]p[[[],[0,3,0],[0,3,3,0]]]nm0.5np0.5c240s4.intohylo",0.25,0.25,2.0
"v06m1d2C[[0,1,1]]p[[[],[0,3,0],[0,3,3,0]]]nm0.5np0.5c240s5.intohylo",0.25,0.5,2.0
"v06m1d2C[[0,1,1]]p[[[],[0,3,0],[0,3,3,0]]]nm0.5np0.5c240s6.intohylo",0.25,0.25,2.0
"v06m1d2C[[0,1,1]]p[[[],[0,3,0],[0,3,3,0]]]nm0.5np0.5c240s7.intohylo",0.25,0.25,2.0
"v06m1d2C[[0,1,1]]p[[[],[0,3,0],[0,3,3,0]]]nm0.5np0.5c240s8.intohylo",0.25,0.25,2.0
"v06m1d2C[[0,1,1]]p[[[],[0,3,0],[0,3,3,0]]]nm0.5np0.5c240s9.intohylo",0.25,0.25,2.0
"v06m1d2C[[0,1,1]]p[[[],[0,3,0],[0,3,3,0]]]nm0.5np0.5c252s0.intohylo",0.25,0.5,2.0
"v06m1d2C[[0,1,1]]p[[[],[0,3,0],[0,3,3,0]]]nm0.5np0.5c252s1.intohylo",0.25,0.5,2.0
"v06m1d2C[[0,1,1]]p[[[],[0,3,0],[0,3,3,0]]]nm0.5np0.5c252s2.intohylo",0.25,0.5,2.0
"v06m1d2C[[0,1,1]]p[[[],[0,3,0],[0,3,3,0]]]nm0.5np0.5c252s3.intohylo",0.25,0.5,2.0
"v06m1d2C[[0,1,1]]p[[[],[0,3,0],[0,3,3,0]]]nm0.5np0.5c252s4.intohylo",0.25,0.25,2.0
"v06m1d2C[[0,1,1]]p[[[],[0,3,0],[0,3,3,0]]]nm0.5np0.5c252s5.intohylo",0.25,0.25,2.0
"v06m1d2C[[0,1,1]]p[[[],[0,3,0],[0,3,3,0]]]nm0.5np0.5c252s6.intohylo",0.25,0.5,2.0
"v06m1d2C[[0,1,1]]p[[[],[0,3,0],[0,3,3,0]]]nm0.5np0.5c252s7.intohylo",0.25,0.25,2.0
"v06m1d2C[[0,1,1]]p[[[],[0,3,0],[0,3,3,0]]]nm0.5np0.5c252s8.intohylo",0.25,0.25,2.0
"v06m1d2C[[0,1,1]]p[[[],[0,3,0],[0,3,3,0]]]nm0.5np0.5c252s9.intohylo",0.25,0.25,2.0
"v06m1d2C[[0,1,1]]p[[[],[0,3,0],[0,3,3,0]]]nm0.5np0.5c264s0.intohylo",0.25,0.5,2.0
"v06m1d2C[[0,1,1]]p[[[],[0,3,0],[0,3,3,0]]]nm0.5np0.5c264s1.intohylo",0.25,0.5,2.0
"v06m1d2C[[0,1,1]]p[[[],[0,3,0],[0,3,3,0]]]nm0.5np0.5c264s2.intohylo",0.25,0.5,2.0
"v06m1d2C[[0,1,1]]p[[[],[0,3,0],[0,3,3,0]]]nm0.5np0.5c264s3.intohylo",0.25,0.5,2.0
"v06m1d2C[[0,1,1]]p[[[],[0,3,0],[0,3,3,0]]]nm0.5np0.5c264s4.intohylo",0.25,0.5,2.0
"v06m1d2C[[0,1,1]]p[[[],[0,3,0],[0,3,3,0]]]nm0.5np0.5c264s5.intohylo",0.25,0.5,2.0
"v06m1d2C[[0,1,1]]p[[[],[0,3,0],[0,3,3,0]]]nm0.5np0.5c264s6.intohylo",0.25,0.25,2.0
"v06m1d2C[[0,1,1]]p[[[],[0,3,0],[0,3,3,0]]]nm0.5np0.5c264s7.intohylo",0.25,0.25,2.0
"v06m1d2C[[0,1,1]]p[[[],[0,3,0],[0,3,3,0]]]nm0.5np0.5c264s8.intohylo",0.25,0.5,2.0
"v06m1d2C[[0,1,1]]p[[[],[0,3,0],[0,3,3,0]]]nm0.5np0.5c264s9.intohylo",0.25,0.5,4.0
"v06m1d2C[[0,1,1]]p[[[],[0,3,0],[0,3,3,0]]]nm0.5np0.5c276s0.intohylo",0.25,0.5,2.0
"v06m1d2C[[0,1,1]]p[[[],[0,3,0],[0,3,3,0]]]nm0.5np0.5c276s1.intohylo",0.25,0.5,4.0
"v06m1d2C[[0,1,1]]p[[[],[0,3,0],[0,3,3,0]]]nm0.5np0.5c276s2.intohylo",0.25,0.5,4.0
"v06m1d2C[[0,1,1]]p[[[],[0,3,0],[0,3,3,0]]]nm0.5np0.5c276s3.intohylo",0.25,0.5,4.0
"v06m1d2C[[0,1,1]]p[[[],[0,3,0],[0,3,3,0]]]nm0.5np0.5c276s4.intohylo",0.25,0.5,4.0
"v06m1d2C[[0,1,1]]p[[[],[0,3,0],[0,3,3,0]]]nm0.5np0.5c276s5.intohylo",0.25,0.5,4.0
"v06m1d2C[[0,1,1]]p[[[],[0,3,0],[0,3,3,0]]]nm0.5np0.5c276s6.intohylo",0.25,0.5,2.0
"v06m1d2C[[0,1,1]]p[[[],[0,3,0],[0,3,3,0]]]nm0.5np0.5c276s7.intohylo",0.25,0.5,4.0
"v06m1d2C[[0,1,1]]p[[[],[0,3,0],[0,3,3,0]]]nm0.5np0.5c276s8.intohylo",0.25,0.5,4.0
"v06m1d2C[[0,1,1]]p[[[],[0,3,0],[0,3,3,0]]]nm0.5np0.5c276s9.intohylo",0.25,0.5,4.0
"v06m1d2C[[0,1,1]]p[[[],[0,3,0],[0,3,3,0]]]nm0.5np0.5c282s0.intohylo",0.25,0.5,4.0
"v06m1d2C[[0,1,1]]p[[[],[0,3,0],[0,3,3,0]]]nm0.5np0.5c282s1.intohylo",0.25,0.5,4.0
"v06m1d2C[[0,1,1]]p[[[],[0,3,0],[0,3,3,0]]]nm0.5np0.5c282s2.intohylo",0.25,0.25,4.0
"v06m1d2C[[0,1,1]]p[[[],[0,3,0],[0,3,3,0]]]nm0.5np0.5c282s3.intohylo",0.25,0.5,4.0
"v06m1d2C[[0,1,1]]p[[[],[0,3,0],[0,3,3,0]]]nm0.5np0.5c282s4.intohylo",0.25,0.5,4.0
"v06m1d2C[[0,1,1]]p[[[],[0,3,0],[0,3,3,0]]]nm0.5np0.5c282s5.intohylo",0.25,1.0,4.0
"v06m1d2C[[0,1,1]]p[[[],[0,3,0],[0,3,3,0]]]nm0.5np0.5c282s6.intohylo",0.25,0.5,4.0
"v06m1d2C[[0,1,1]]p[[[],[0,3,0],[0,3,3,0]]]nm0.5np0.5c282s7.intohylo",0.25,0.5,4.0
"v06m1d2C[[0,1,1]]p[[[],[0,3,0],[0,3,3,0]]]nm0.5np0.5c282s8.intohylo",0.25,0.5,4.0
"v06m1d2C[[0,1,1]]p[[[],[0,3,0],[0,3,3,0]]]nm0.5np0.5c282s9.intohylo",0.25,0.5,4.0
"v06m1d2C[[0,1,1]]p[[[],[0,3,0],[0,3,3,0]]]nm0.5np0.5c288s0.intohylo",0.25,0.5,8.0
"v06m1d2C[[0,1,1]]p[[[],[0,3,0],[0,3,3,0]]]nm0.5np0.5c288s1.intohylo",0.25,0.25,4.0
"v06m1d2C[[0,1,1]]p[[[],[0,3,0],[0,3,3,0]]]nm0.5np0.5c288s2.intohylo",0.25,0.5,4.0
"v06m1d2C[[0,1,1]]p[[[],[0,3,0],[0,3,3,0]]]nm0.5np0.5c288s3.intohylo",0.25,0.5,4.0
"v06m1d2C[[0,1,1]]p[[[],[0,3,0],[0,3,3,0]]]nm0.5np0.5c288s4.intohylo",0.25,0.5,4.0
"v06m1d2C[[0,1,1]]p[[[],[0,3,0],[0,3,3,0]]]nm0.5np0.5c288s5.intohylo",0.25,0.5,4.0
"v06m1d2C[[0,1,1]]p[[[],[0,3,0],[0,3,3,0]]]nm0.5np0.5c288s6.intohylo",0.25,0.5,4.0
"v06m1d2C[[0,1,1]]p[[[],[0,3,0],[0,3,3,0]]]nm0.5np0.5c288s7.intohylo",0.25,0.5,4.0
"v06m1d2C[[0,1,1]]p[[[],[0,3,0],[0,3,3,0]]]nm0.5np0.5c288s8.intohylo",0.25,0.5,4.0
"v06m1d2C[[0,1,1]]p[[[],[0,3,0],[0,3,3,0]]]nm0.5np0.5c288s9.intohylo",0.25,0.5,4.0
"v06m1d2C[[0,1,1]]p[[[],[0,3,0],[0,3,3,0]]]nm0.5np0.5c300s0.intohylo",0.25,0.5,4.0
"v06m1d2C[[0,1,1]]p[[[],[0,3,0],[0,3,3,0]]]nm0.5np0.5c300s1.intohylo",0.25,0.5,4.0
"v06m1d2C[[0,1,1]]p[[[],[0,3,0],[0,3,3,0]]]nm0.5np0.5c300s2.intohylo",0.25,0.5,4.0
"v06m1d2C[[0,1,1]]p[[[],[0,3,0],[0,3,3,0]]]nm0.5np0.5c300s3.intohylo",0.25,0.5,4.0
"v06m1d2C[[0,1,1]]p[[[],[0,3,0],[0,3,3,0]]]nm0.5np0.5c300s4.intohylo",0.25,0.5,4.0
"v06m1d2C[[0,1,1]]p[[[],[0,3,0],[0,3,3,0]]]nm0.5np0.5c300s5.intohylo",0.25,0.5,4.0
"v06m1d2C[[0,1,1]]p[[[],[0,3,0],[0,3,3,0]]]nm0.5np0.5c300s6.intohylo",0.25,0.5,4.0
"v06m1d2C[[0,1,1]]p[[[],[0,3,0],[0,3,3,0]]]nm0.5np0.5c300s7.intohylo",0.25,0.25,4.0
"v06m1d2C[[0,1,1]]p[[[],[0,3,0],[0,3,3,0]]]nm0.5np0.5c300s8.intohylo",0.25,0.5,4.0
"v06m1d2C[[0,1,1]]p[[[],[0,3,0],[0,3,3,0]]]nm0.5np0.5c300s9.intohylo",0.25,0.5,4.0
"v07m1d2C[[0,2,1]]p[[[],[0,3,0],[0,3,3,0]]]nm0.5np0.5c196s0.intohylo",0.25,0.25,2.0
"v07m1d2C[[0,2,1]]p[[[],[0,3,0],[0,3,3,0]]]nm0.5np0.5c196s1.intohylo",0.25,0.25,2.0
"v07m1d2C[[0,2,1]]p[[[],[0,3,0],[0,3,3,0]]]nm0.5np0.5c196s2.intohylo",0.25,0.25,0.5
"v07m1d2C[[0,2,1]]p[[[],[0,3,0],[0,3,3,0]]]nm0.5np0.5c196s3.intohylo",0.25,0.25,1.0
"v07m1d2C[[0,2,1]]p[[[],[0,3,0],[0,3,3,0]]]nm0.5np0.5c196s4.intohylo",0.25,0.25,1.0
"v07m1d2C[[0,2,1]]p[[[],[0,3,0],[0,3,3,0]]]nm0.5np0.5c196s5.intohylo",0.25,0.25,1.0
"v07m1d2C[[0,2,1]]p[[[],[0,3,0],[0,3,3,0]]]nm0.5np0.5c196s6.intohylo",0.25,0.25,1.0
"v07m1d2C[[0,2,1]]p[[[],[0,3,0],[0,3,3,0]]]nm0.5np0.5c196s7.intohylo",0.25,0.25,1.0
"v07m1d2C[[0,2,1]]p[[[],[0,3,0],[0,3,3,0]]]nm0.5np0.5c196s8.intohylo",0.25,0.25,1.0
"v07m1d2C[[0,2,1]]p[[[],[0,3,0],[0,3,3,0]]]nm0.5np0.5c196s9.intohylo",0.25,0.25,1.0
"v07m1d2C[[0,2,1]]p[[[],[0,3,0],[0,3,3,0]]]nm0.5np0.5c210s0.intohylo",0.25,0.25,2.0
"v07m1d2C[[0,2,1]]p[[[],[0,3,0],[0,3,3,0]]]nm0.5np0.5c210s1.intohylo",0.25,0.25,1.0
"v07m1d2C[[0,2,1]]p[[[],[0,3,0],[0,3,3,0]]]nm0.5np0.5c210s2.intohylo",0.25,0.25,1.0
"v07m1d2C[[0,2,1]]p[[[],[0,3,0],[0,3,3,0]]]nm0.5np0.5c210s3.intohylo",0.25,0.25,1.0
"v07m1d2C[[0,2,1]]p[[[],[0,3,0],[0,3,3,0]]]nm0.5np0.5c210s4.intohylo",0.25,0.25,2.0
"v07m1d2C[[0,2,1]]p[[[],[0,3,0],[0,3,3,0]]]nm0.5np0.5c210s5.intohylo",0.25,0.25,2.0
"v07m1d2C[[0,2,1]]p[[[],[0,3,0],[0,3,3,0]]]nm0.5np0.5c210s6.intohylo",0.25,0.25,1.0
"v07m1d2C[[0,2,1]]p[[[],[0,3,0],[0,3,3,0]]]nm0.5np0.5c210s7.intohylo",0.25,0.25,1.0
"v07m1d2C[[0,2,1]]p[[[],[0,3,0],[0,3,3,0]]]nm0.5np0.5c210s8.intohylo",0.25,0.25,1.0
"v07m1d2C[[0,2,1]]p[[[],[0,3,0],[0,3,3,0]]]nm0.5np0.5c210s9.intohylo",0.25,0.25,1.0
"v07m1d2C[[0,2,1]]p[[[],[0,3,0],[0,3,3,0]]]nm0.5np0.5c224s0.intohylo",0.25,0.25,2.0
"v07m1d2C[[0,2,1]]p[[[],[0,3,0],[0,3,3,0]]]nm0.5np0.5c224s1.intohylo",0.25,0.25,2.0
"v07m1d2C[[0,2,1]]p[[[],[0,3,0],[0,3,3,0]]]nm0.5np0.5c224s2.intohylo",0.25,0.25,2.0
"v07m1d2C[[0,2,1]]p[[[],[0,3,0],[0,3,3,0]]]nm0.5np0.5c224s3.intohylo",0.25,0.25,2.0
"v07m1d2C[[0,2,1]]p[[[],[0,3,0],[0,3,3,0]]]nm0.5np0.5c224s4.intohylo",0.25,0.25,1.0
"v07m1d2C[[0,2,1]]p[[[],[0,3,0],[0,3,3,0]]]nm0.5np0.5c224s5.intohylo",0.25,0.25,2.0
"v07m1d2C[[0,2,1]]p[[[],[0,3,0],[0,3,3,0]]]nm0.5np0.5c224s6.intohylo",0.25,0.25,2.0
"v07m1d2C[[0,2,1]]p[[[],[0,3,0],[0,3,3,0]]]nm0.5np0.5c224s7.intohylo",0.25,0.25,2.0
"v07m1d2C[[0,2,1]]p[[[],[0,3,0],[0,3,3,0]]]nm0.5np0.5c224s8.intohylo",0.25,0.25,1.0
"v07m1d2C[[0,2,1]]p[[[],[0,3,0],[0,3,3,0]]]nm0.5np0.5c224s9.intohylo",0.25,0.25,2.0
"v07m1d2C[[0,2,1]]p[[[],[0,3,0],[0,3,3,0]]]nm0.5np0.5c238s0.intohylo",0.25,0.25,2.0
"v07m1d2C[[0,2,1]]p[[[],[0,3,0],[0,3,3,0]]]nm0.5np0.5c238s1.intohylo",0.25,0.25,2.0
"v07m1d2C[[0,2,1]]p[[[],[0,3,0],[0,3,3,0]]]nm0.5np0.5c238s2.intohylo",0.25,0.25,2.0
"v07m1d2C[[0,2,1]]p[[[],[0,3,0],[0,3,3,0]]]nm0.5np0.5c238s3.intohylo",0.25,0.25,2.0
"v07m1d2C[[0,2,1]]p[[[],[0,3,0],[0,3,3,0]]]nm0.5np0.5c238s4.intohylo",0.25,0.25,2.0
"v07m1d2C[[0,2,1]]p[[[],[0,3,0],[0,3,3,0]]]nm0.5np0.5c238s5.intohylo",0.25,0.25,2.0
"v07m1d2C[[0,2,1]]p[[[],[0,3,0],[0,3,3,0]]]nm0.5np0.5c238s6.intohylo",0.25,0.25,2.0
"v07m1d2C[[0,2,1]]p[[[],[0,3,0],[0,3,3,0]]]nm0.5np0.5c238s7.intohylo",0.25,0.25,2.0
"v07m1d2C[[0,2,1]]p[[[],[0,3,0],[0,3,3,0]]]nm0.5np0.5c238s8.intohylo",0.25,0.25,2.0
"v07m1d2C[[0,2,1]]p[[[],[0,3,0],[0,3,3,0]]]nm0.5np0.5c238s9.intohylo",0.25,0.25,2.0
"v07m1d2C[[0,2,1]]p[[[],[0,3,0],[0,3,3,0]]]nm0.5np0.5c252s0.intohylo",0.25,0.25,2.0
"v07m1d2C[[0,2,1]]p[[[],[0,3,0],[0,3,3,0]]]nm0.5np0.5c252s1.intohylo",0.25,0.25,2.0
"v07m1d2C[[0,2,1]]p[[[],[0,3,0],[0,3,3,0]]]nm0.5np0.5c252s2.intohylo",0.25,0.25,2.0
"v07m1d2C[[0,2,1]]p[[[],[0,3,0],[0,3,3,0]]]nm0.5np0.5c252s3.intohylo",0.25,0.25,2.0
"v07m1d2C[[0,2,1]]p[[[],[0,3,0],[0,3,3,0]]]nm0.5np0.5c252s4.intohylo",0.25,0.25,2.0
"v07m1d2C[[0,2,1]]p[[[],[0,3,0],[0,3,3,0]]]nm0.5np0.5c252s5.intohylo",0.25,0.5,2.0
"v07m1d2C[[0,2,1]]p[[[],[0,3,0],[0,3,3,0]]]nm0.5np0.5c252s6.intohylo",0.25,0.25,2.0
"v07m1d2C[[0,2,1]]p[[[],[0,3,0],[0,3,3,0]]]nm0.5np0.5c252s7.intohylo",0.25,0.25,2.0
"v07m1d2C[[0,2,1]]p[[[],[0,3,0],[0,3,3,0]]]nm0.5np0.5c252s8.intohylo",0.25,0.25,2.0
"v07m1d2C[[0,2,1]]p[[[],[0,3,0],[0,3,3,0]]]nm0.5np0.5c252s9.intohylo",0.25,0.25,2.0
"v07m1d2C[[0,2,1]]p[[[],[0,3,0],[0,3,3,0]]]nm0.5np0.5c266s0.intohylo",0.25,0.25,2.0
"v07m1d2C[[0,2,1]]p[[[],[0,3,0],[0,3,3,0]]]nm0.5np0.5c266s1.intohylo",0.25,0.25,2.0
"v07m1d2C[[0,2,1]]p[[[],[0,3,0],[0,3,3,0]]]nm0.5np0.5c266s2.intohylo",0.25,0.25,2.0
"v07m1d2C[[0,2,1]]p[[[],[0,3,0],[0,3,3,0]]]nm0.5np0.5c266s3.intohylo",0.25,0.25,2.0
"v07m1d2C[[0,2,1]]p[[[],[0,3,0],[0,3,3,0]]]nm0.5np0.5c266s4.intohylo",0.25,0.25,2.0
"v07m1d2C[[0,2,1]]p[[[],[0,3,0],[0,3,3,0]]]nm0.5np0.5c266s5.intohylo",0.25,0.25,2.0
"v07m1d2C[[0,2,1]]p[[[],[0,3,0],[0,3,3,0]]]nm0.5np0.5c266s6.intohylo",0.25,0.25,2.0
"v07m1d2C[[0,2,1]]p[[[],[0,3,0],[0,3,3,0]]]nm0.5np0.5c266s7.intohylo",0.25,0.25,2.0
"v07m1d2C[[0,2,1]]p[[[],[0,3,0],[0,3,3,0]]]nm0.5np0.5c266s8.intohylo",0.25,0.25,2.0
"v07m1d2C[[0,2,1]]p[[[],[0,3,0],[0,3,3,0]]]nm0.5np0.5c266s9.intohylo",0.25,0.25,2.0
"v07m1d2C[[0,2,1]]p[[[],[0,3,0],[0,3,3,0]]]nm0.5np0.5c280s0.intohylo",0.25,0.25,2.0
"v07m1d2C[[0,2,1]]p[[[],[0,3,0],[0,3,3,0]]]nm0.5np0.5c280s1.intohylo",0.25,0.5,2.0
"v07m1d2C[[0,2,1]]p[[[],[0,3,0],[0,3,3,0]]]nm0.5np0.5c280s2.intohylo",0.25,0.25,2.0
"v07m1d2C[[0,2,1]]p[[[],[0,3,0],[0,3,3,0]]]nm0.5np0.5c280s3.intohylo",0.25,0.25,2.0
"v07m1d2C[[0,2,1]]p[[[],[0,3,0],[0,3,3,0]]]nm0.5np0.5c280s4.intohylo",0.25,0.25,2.0
"v07m1d2C[[0,2,1]]p[[[],[0,3,0],[0,3,3,0]]]nm0.5np0.5c280s5.intohylo",0.25,0.25,2.0
"v07m1d2C[[0,2,1]]p[[[],[0,3,0],[0,3,3,0]]]nm0.5np0.5c280s6.intohylo",0.25,0.25,2.0
"v07m1d2C[[0,2,1]]p[[[],[0,3,0],[0,3,3,0]]]nm0.5np0.5c280s7.intohylo",0.25,0.25,2.0
"v07m1d2C[[0,2,1]]p[[[],[0,3,0],[0,3,3,0]]]nm0.5np0.5c280s8.intohylo",0.25,0.25,2.0
"v07m1d2C[[0,2,1]]p[[[],[0,3,0],[0,3,3,0]]]nm0.5np0.5c280s9.intohylo",0.25,0.25,2.0
"v07m1d2C[[0,2,1]]p[[[],[0,3,0],[0,3,3,0]]]nm0.5np0.5c294s0.intohylo",0.25,0.25,2.0
"v07m1d2C[[0,2,1]]p[[[],[0,3,0],[0,3,3,0]]]nm0.5np0.5c294s1.intohylo",0.25,0.25,2.0
"v07m1d2C[[0,2,1]]p[[[],[0,3,0],[0,3,3,0]]]nm0.5np0.5c294s2.intohylo",0.25,0.25,2.0
"v07m1d2C[[0,2,1]]p[[[],[0,3,0],[0,3,3,0]]]nm0.5np0.5c294s3.intohylo",0.25,0.25,2.0
"v07m1d2C[[0,2,1]]p[[[],[0,3,0],[0,3,3,0]]]nm0.5np0.5c294s4.intohylo",0.25,0.25,2.0
"v07m1d2C[[0,2,1]]p[[[],[0,3,0],[0,3,3,0]]]nm0.5np0.5c294s5.intohylo",0.25,0.25,2.0
"v07m1d2C[[0,2,1]]p[[[],[0,3,0],[0,3,3,0]]]nm0.5np0.5c294s6.intohylo",0.25,0.25,4.0
"v07m1d2C[[0,2,1]]p[[[],[0,3,0],[0,3,3,0]]]nm0.5np0.5c294s7.intohylo",0.25,0.5,2.0
"v07m1d2C[[0,2,1]]p[[[],[0,3,0],[0,3,3,0]]]nm0.5np0.5c294s8.intohylo",0.25,0.25,2.0
"v07m1d2C[[0,2,1]]p[[[],[0,3,0],[0,3,3,0]]]nm0.5np0.5c294s9.intohylo",0.25,0.25,2.0
"v10m1d1C[[0,0,1]]p[[[],[],[0,3,3,0]]]nm0.5np0.5c280s0.intohylo",4.0,0.5,-1.0
"v10m1d1C[[0,0,1]]p[[[],[],[0,3,3,0]]]nm0.5np0.5c280s1.intohylo",4.0,0.5,-1.0
"v10m1d1C[[0,0,1]]p[[[],[],[0,3,3,0]]]nm0.5np0.5c280s2.intohylo",8.0,0.5,-1.0
"v10m1d1C[[0,0,1]]p[[[],[],[0,3,3,0]]]nm0.5np0.5c280s3.intohylo",1.0,0.5,-1.0
"v10m1d1C[[0,0,1]]p[[[],[],[0,3,3,0]]]nm0.5np0.5c280s4.intohylo",4.0,0.5,-1.0
"v10m1d1C[[0,0,1]]p[[[],[],[0,3,3,0]]]nm0.5np0.5c280s5.intohylo",4.0,0.5,-1.0
"v10m1d1C[[0,0,1]]p[[[],[],[0,3,3,0]]]nm0.5np0.5c280s6.intohylo",4.0,0.5,-1.0
"v10m1d1C[[0,0,1]]p[[[],[],[0,3,3,0]]]nm0.5np0.5c280s7.intohylo",4.0,0.5,-1.0
"v10m1d1C[[0,0,1]]p[[[],[],[0,3,3,0]]]nm0.5np0.5c280s8.intohylo",2.0,0.5,-1.0
"v10m1d1C[[0,0,1]]p[[[],[],[0,3,3,0]]]nm0.5np0.5c280s9.intohylo",4.0,0.5,-1.0
"v10m1d1C[[0,0,1]]p[[[],[],[0,3,3,0]]]nm0.5np0.5c290s0.intohylo",4.0,0.5,-1.0
"v10m1d1C[[0,0,1]]p[[[],[],[0,3,3,0]]]nm0.5np0.5c290s1.intohylo",8.0,0.5,-1.0
"v10m1d1C[[0,0,1]]p[[[],[],[0,3,3,0]]]nm0.5np0.5c290s2.intohylo",4.0,0.5,-1.0
"v10m1d1C[[0,0,1]]p[[[],[],[0,3,3,0]]]nm0.5np0.5c290s3.intohylo",1.0,0.5,-1.0
"v10m1d1C[[0,0,1]]p[[[],[],[0,3,3,0]]]nm0.5np0.5c290s4.intohylo",4.0,0.5,-1.0
"v10m1d1C[[0,0,1]]p[[[],[],[0,3,3,0]]]nm0.5np0.5c290s5.intohylo",4.0,0.5,-1.0
"v10m1d1C[[0,0,1]]p[[[],[],[0,3,3,0]]]nm0.5np0.5c290s6.intohylo",2.0,0.5,-1.0
"v10m1d1C[[0,0,1]]p[[[],[],[0,3,3,0]]]nm0.5np0.5c290s7.intohylo",0.25,0.5,-1.0
"v10m1d1C[[0,0,1]]p[[[],[],[0,3,3,0]]]nm0.5np0.5c290s8.intohylo",8.0,0.5,-1.0
"v10m1d1C[[0,0,1]]p[[[],[],[0,3,3,0]]]nm0.5np0.5c290s9.intohylo",8.0,0.5,-1.0
"v10m1d1C[[0,0,1]]p[[[],[],[0,3,3,0]]]nm0.5np0.5c300s0.intohylo",4.0,0.5,-1.0
"v10m1d1C[[0,0,1]]p[[[],[],[0,3,3,0]]]nm0.5np0.5c300s1.intohylo",4.0,0.5,-1.0
"v10m1d1C[[0,0,1]]p[[[],[],[0,3,3,0]]]nm0.5np0.5c300s2.intohylo",4.0,0.5,-1.0
"v10m1d1C[[0,0,1]]p[[[],[],[0,3,3,0]]]nm0.5np0.5c300s3.intohylo",4.0,0.5,-1.0
"v10m1d1C[[0,0,1]]p[[[],[],[0,3,3,0]]]nm0.5np0.5c300s4.intohylo",-1.0,0.5,-1.0
"v10m1d1C[[0,0,1]]p[[[],[],[0,3,3,0]]]nm0.5np0.5c300s5.intohylo",8.0,0.5,-1.0
"v10m1d1C[[0,0,1]]p[[[],[],[0,3,3,0]]]nm0.5np0.5c300s6.intohylo",-1.0,0.5,-1.0
"v10m1d1C[[0,0,1]]p[[[],[],[0,3,3,0]]]nm0.5np0.5c300s7.intohylo",2.0,0.5,-1.0
"v10m1d1C[[0,0,1]]p[[[],[],[0,3,3,0]]]nm0.5np0.5c300s8.intohylo",8.0,0.5,-1.0
"v10m1d1C[[0,0,1]]p[[[],[],[0,3,3,0]]]nm0.5np0.5c300s9.intohylo",8.0,0.5,-1.0
"v10m1d1C[[0,0,1]]p[[[],[],[0,3,3,0]]]nm0.5np0.5c310s0.intohylo",4.0,0.5,-1.0
"v10m1d1C[[0,0,1]]p[[[],[],[0,3,3,0]]]nm0.5np0.5c310s1.intohylo",4.0,0.5,-1.0
"v10m1d1C[[0,0,1]]p[[[],[],[0,3,3,0]]]nm0.5np0.5c310s2.intohylo",1.0,0.5,-1.0
"v10m1d1C[[0,0,1]]p[[[],[],[0,3,3,0]]]nm0.5np0.5c310s3.intohylo",8.0,0.5,-1.0
"v10m1d1C[[0,0,1]]p[[[],[],[0,3,3,0]]]nm0.5np0.5c310s4.intohylo",2.0,0.5,-1.0
"v10m1d1C[[0,0,1]]p[[[],[],[0,3,3,0]]]nm0.5np0.5c310s5.intohylo",4.0,0.5,-1.0
"v10m1d1C[[0,0,1]]p[[[],[],[0,3,3,0]]]nm0.5np0.5c310s6.intohylo",2.0,0.5,-1.0
"v10m1d1C[[0,0,1]]p[[[],[],[0,3,3,0]]]nm0.5np0.5c310s7.intohylo",4.0,0.5,-1.0
"v10m1d1C[[0,0,1]]p[[[],[],[0,3,3,0]]]nm0.5np0.5c310s8.intohylo",2.0,0.5,-1.0
"v10m1d1C[[0,0,1]]p[[[],[],[0,3,3,0]]]nm0.5np0.5c310s9.intohylo",4.0,0.5,-1.0
"v10m1d1C[[0,0,1]]p[[[],[],[0,3,3,0]]]nm0.5np0.5c320s0.intohylo",2.0,0.5,-1.0
"v10m1d1C[[0,0,1]]p[[[],[],[0,3,3,0]]]nm0.5np0.5c320s1.intohylo",2.0,0.5,-1.0
"v10m1d1C[[0,0,1]]p[[[],[],[0,3,3,0]]]nm0.5np0.5c320s2.intohylo",8.0,0.5,-1.0
"v10m1d1C[[0,0,1]]p[[[],[],[0,3,3,0]]]nm0.5np0.5c320s3.intohylo",4.0,0.5,-1.0
"v10m1d1C[[0,0,1]]p[[[],[],[0,3,3,0]]]nm0.5np0.5c320s4.intohylo",4.0,0.5,-1.0
"v10m1d1C[[0,0,1]]p[[[],[],[0,3,3,0]]]nm0.5np0.5c320s5.intohylo",8.0,0.5,-1.0
"v10m1d1C[[0,0,1]]p[[[],[],[0,3,3,0]]]nm0.5np0.5c320s6.intohylo",4.0,0.5,-1.0
"v10m1d1C[[0,0,1]]p[[[],[],[0,3,3,0]]]nm0.5np0.5c320s7.intohylo",4.0,0.5,-1.0
"v10m1d1C[[0,0,1]]p[[[],[],[0,3,3,0]]]nm0.5np0.5c320s8.intohylo",2.0,0.5,-1.0
"v10m1d1C[[0,0,1]]p[[[],[],[0,3,3,0]]]nm0.5np0.5c320s9.intohylo",2.0,0.5,-1.0
"v10m1d1C[[0,0,1]]p[[[],[],[0,3,3,0]]]nm0.5np0.5c330s0.intohylo",4.0,0.5,-1.0
"v10m1d1C[[0,0,1]]p[[[],[],[0,3,3,0]]]nm0.5np0.5c330s1.intohylo",8.0,0.5,-1.0
"v10m1d1C[[0,0,1]]p[[[],[],[0,3,3,0]]]nm0.5np0.5c330s2.intohylo",4.0,0.5,-1.0
"v10m1d1C[[0,0,1]]p[[[],[],[0,3,3,0]]]nm0.5np0.5c330s3.intohylo",4.0,0.5,-1.0
"v10m1d1C[[0,0,1]]p[[[],[],[0,3,3,0]]]nm0.5np0.5c330s4.intohylo",4.0,0.5,-1.0
"v10m1d1C[[0,0,1]]p[[[],[],[0,3,3,0]]]nm0.5np0.5c330s5.intohylo",8.0,0.5,-1.0
"v10m1d1C[[0,0,1]]p[[[],[],[0,3,3,0]]]nm0.5np0.5c330s6.intohylo",8.0,0.5,-1.0
"v10m1d1C[[0,0,1]]p[[[],[],[0,3,3,0]]]nm0.5np0.5c330s7.intohylo",4.0,0.5,-1.0
"v10m1d1C[[0,0,1]]p[[[],[],[0,3,3,0]]]nm0.5np0.5c330s8.intohylo",4.0,1.0,-1.0
"v10m1d1C[[0,0,1]]p[[[],[],[0,3,3,0]]]nm0.5np0.5c330s9.intohylo",4.0,0.5,-1.0
"v10m1d1C[[0,0,1]]p[[[],[],[0,3,3,0]]]nm0.5np0.5c340s0.intohylo",4.0,0.5,-1.0
"v10m1d1C[[0,0,1]]p[[[],[],[0,3,3,0]]]nm0.5np0.5c340s1.intohylo",2.0,0.5,-1.0
"v10m1d1C[[0,0,1]]p[[[],[],[0,3,3,0]]]nm0.5np0.5c340s2.intohylo",4.0,0.5,-1.0
"v10m1d1C[[0,0,1]]p[[[],[],[0,3,3,0]]]nm0.5np0.5c340s3.intohylo",4.0,0.5,-1.0
"v10m1d1C[[0,0,1]]p[[[],[],[0,3,3,0]]]nm0.5np0.5c340s4.intohylo",2.0,0.5,-1.0
"v10m1d1C[[0,0,1]]p[[[],[],[0,3,3,0]]]nm0.5np0.5c340s5.intohylo",4.0,0.5,-1.0
"v10m1d1C[[0,0,1]]p[[[],[],[0,3,3,0]]]nm0.5np0.5c340s6.intohylo",4.0,0.5,-1.0
"v10m1d1C[[0,0,1]]p[[[],[],[0,3,3,0]]]nm0.5np0.5c340s7.intohylo",2.0,0.5,-1.0
"v10m1d1C[[0,0,1]]p[[[],[],[0,3,3,0]]]nm0.5np0.5c340s8.intohylo",2.0,0.5,-1.0
"v10m1d1C[[0,0,1]]p[[[],[],[0,3,3,0]]]nm0.5np0.5c340s9.intohylo",2.0,0.5,-1.0
"v10m1d1C[[0,0,1]]p[[[],[],[0,3,3,0]]]nm0.5np0.5c350s0.intohylo",4.0,1.0,-1.0
"v10m1d1C[[0,0,1]]p[[[],[],[0,3,3,0]]]nm0.5np0.5c350s1.intohylo",8.0,1.0,-1.0
"v10m1d1C[[0,0,1]]p[[[],[],[0,3,3,0]]]nm0.5np0.5c350s2.intohylo",2.0,1.0,-1.0
"v10m1d1C[[0,0,1]]p[[[],[],[0,3,3,0]]]nm0.5np0.5c350s3.intohylo",2.0,0.5,-1.0
"v10m1d1C[[0,0,1]]p[[[],[],[0,3,3,0]]]nm0.5np0.5c350s4.intohylo",4.0,1.0,-1.0
"v10m1d1C[[0,0,1]]p[[[],[],[0,3,3,0]]]nm0.5np0.5c350s5.intohylo",2.0,1.0,-1.0
"v10m1d1C[[0,0,1]]p[[[],[],[0,3,3,0]]]nm0.5np0.5c350s6.intohylo",2.0,0.5,-1.0
"v10m1d1C[[0,0,1]]p[[[],[],[0,3,3,0]]]nm0.5np0.5c350s7.intohylo",4.0,0.5,-1.0
"v10m1d1C[[0,0,1]]p[[[],[],[0,3,3,0]]]nm0.5np0.5c350s8.intohylo",4.0,0.5,-1.0
"v10m1d1C[[0,0,1]]p[[[],[],[0,3,3,0]]]nm0.5np0.5c350s9.intohylo",4.0,0.5,-1.0
"v10m1d1C[[0,0,1]]p[[[],[],[1,3,3,1]]]nm0.5np0.5c240s0.intohylo",4.0,0.25,8.0
"v10m1d1C[[0,0,1]]p[[[],[],[1,3,3,1]]]nm0.5np0.5c240s1.intohylo",0.5,0.25,8.0
"v10m1d1C[[0,0,1]]p[[[],[],[1,3,3,1]]]nm0.5np0.5c240s2.intohylo",4.0,0.25,-1.0
"v10m1d1C[[0,0,1]]p[[[],[],[1,3,3,1]]]nm0.5np0.5c240s3.intohylo",0.5,0.25,8.0
"v10m1d1C[[0,0,1]]p[[[],[],[1,3,3,1]]]nm0.5np0.5c240s4.intohylo",2.0,0.25,-1.0
"v10m1d1C[[0,0,1]]p[[[],[],[1,3,3,1]]]nm0.5np0.5c240s5.intohylo",2.0,0.25,4.0
"v10m1d1C[[0,0,1]]p[[[],[],[1,3,3,1]]]nm0.5np0.5c240s6.intohylo",1.0,0.25,4.0
"v10m1d1C[[0,0,1]]p[[[],[],[1,3,3,1]]]nm0.5np0.5c240s7.intohylo",1.0,0.5,2.0
"v10m1d1C[[0,0,1]]p[[[],[],[1,3,3,1]]]nm0.5np0.5c240s8.intohylo",0.25,0.25,0.25
"v10m1d1C[[0,0,1]]p[[[],[],[1,3,3,1]]]nm0.5np0.5c240s9.intohylo",4.0,0.25,-1.0
"v10m1d1C[[0,0,1]]p[[[],[],[1,3,3,1]]]nm0.5np0.5c260s0.intohylo",2.0,0.5,-1.0
"v10m1d1C[[0,0,1]]p[[[],[],[1,3,3,1]]]nm0.5np0.5c260s1.intohylo",1.0,0.5,4.0
"v10m1d1C[[0,0,1]]p[[[],[],[1,3,3,1]]]nm0.5np0.5c260s2.intohylo",0.25,0.25,0.5
"v10m1d1C[[0,0,1]]p[[[],[],[1,3,3,1]]]nm0.5np0.5c260s3.intohylo",2.0,0.25,-1.0
"v10m1d1C[[0,0,1]]p[[[],[],[1,3,3,1]]]nm0.5np0.5c260s4.intohylo",2.0,0.5,8.0
"v10m1d1C[[0,0,1]]p[[[],[],[1,3,3,1]]]nm0.5np0.5c260s5.intohylo",0.25,0.25,0.5
"v10m1d1C[[0,0,1]]p[[[],[],[1,3,3,1]]]nm0.5np0.5c260s6.intohylo",0.25,0.25,0.5
"v10m1d1C[[0,0,1]]p[[[],[],[1,3,3,1]]]nm0.5np0.5c260s7.intohylo",2.0,0.25,8.0
"v10m1d1C[[0,0,1]]p[[[],[],[1,3,3,1]]]nm0.5np0.5c260s8.intohylo",0.25,0.5,0.5
"v10m1d1C[[0,0,1]]p[[[],[],[1,3,3,1]]]nm0.5np0.5c260s9.intohylo",0.25,0.25,0.5
"v10m1d1C[[0,0,1]]p[[[],[],[1,3,3,1]]]nm0.5np0.5c280s0.intohylo",1.0,0.5,2.0
"v10m1d1C[[0,0,1]]p[[[],[],[1,3,3,1]]]nm0.5np0.5c280s1.intohylo",0.25,0.5,1.0
"v10m1d1C[[0,0,1]]p[[[],[],[1,3,3,1]]]nm0.5np0.5c280s2.intohylo",0.25,0.5,0.5
"v10m1d1C[[0,0,1]]p[[[],[],[1,3,3,1]]]nm0.5np0.5c280s3.intohylo",2.0,0.5,8.0
"v10m1d1C[[0,0,1]]p[[[],[],[1,3,3,1]]]nm0.5np0.5c280s4.intohylo",4.0,0.25,-1.0
"v10m1d1C[[0,0,1]]p[[[],[],[1,3,3,1]]]nm0.5np0.5c280s5.intohylo",4.0,0.5,-1.0
"v10m1d1C[[0,0,1]]p[[[],[],[1,3,3,1]]]nm0.5np0.5c280s6.intohylo",0.25,-1.0,-1.0
"v10m1d1C[[0,0,1]]p[[[],[],[1,3,3,1]]]nm0.5np0.5c280s7.intohylo",0.5,0.5,4.0
"v10m1d1C[[0,0,1]]p[[[],[],[1,3,3,1]]]nm0.5np0.5c280s8.intohylo",0.5,0.5,1.0
"v10m1d1C[[0,0,1]]p[[[],[],[1,3,3,1]]]nm0.5np0.5c280s9.intohylo",0.25,0.5,0.5
"v10m1d1C[[0,0,1]]p[[[],[],[1,3,3,1]]]nm0.5np0.5c300s0.intohylo",0.25,0.25,0.5
"v10m1d1C[[0,0,1]]p[[[],[],[1,3,3,1]]]nm0.5np0.5c300s1.intohylo",0.25,0.5,1.0
"v10m1d1C[[0,0,1]]p[[[],[],[1,3,3,1]]]nm0.5np0.5c300s2.intohylo",0.25,0.5,1.0
"v10m1d1C[[0,0,1]]p[[[],[],[1,3,3,1]]]nm0.5np0.5c300s3.intohylo",0.5,0.5,1.0
"v10m1d1C[[0,0,1]]p[[[],[],[1,3,3,1]]]nm0.5np0.5c300s4.intohylo",0.25,0.5,1.0
"v10m1d1C[[0,0,1]]p[[[],[],[1,3,3,1]]]nm0.5np0.5c300s5.intohylo",2.0,0.5,2.0
"v10m1d1C[[0,0,1]]p[[[],[],[1,3,3,1]]]nm0.5np0.5c300s6.intohylo",0.25,0.5,1.0
"v10m1d1C[[0,0,1]]p[[[],[],[1,3,3,1]]]nm0.5np0.5c300s7.intohylo",0.25,0.25,0.5
"v10m1d1C[[0,0,1]]p[[[],[],[1,3,3,1]]]nm0.5np0.5c300s8.intohylo",1.0,0.5,1.0
"v10m1d1C[[0,0,1]]p[[[],[],[1,3,3,1]]]nm0.5np0.5c300s9.intohylo",0.25,0.5,0.5
"v10m1d1C[[0,0,1]]p[[[],[],[1,3,3,1]]]nm0.5np0.5c320s0.intohylo",0.25,0.25,1.0
"v10m1d1C[[0,0,1]]p[[[],[],[1,3,3,1]]]nm0.5np0.5c320s1.intohylo",0.25,0.5,1.0
"v10m1d1C[[0,0,1]]p[[[],[],[1,3,3,1]]]nm0.5np0.5c320s2.intohylo",0.25,0.5,1.0
"v10m1d1C[[0,0,1]]p[[[],[],[1,3,3,1]]]nm0.5np0.5c320s3.intohylo",0.25,0.5,0.5
"v10m1d1C[[0,0,1]]p[[[],[],[1,3,3,1]]]nm0.5np0.5c320s4.intohylo",0.25,0.5,1.0
"v10m1d1C[[0,0,1]]p[[[],[],[1,3,3,1]]]nm0.5np0.5c320s5.intohylo",2.0,0.5,4.0
"v10m1d1C[[0,0,1]]p[[[],[],[1,3,3,1]]]nm0.5np0.5c320s6.intohylo",0.5,0.5,2.0
"v10m1d1C[[0,0,1]]p[[[],[],[1,3,3,1]]]nm0.5np0.5c320s7.intohylo",0.25,0.25,0.5
"v10m1d1C[[0,0,1]]p[[[],[],[1,3,3,1]]]nm0.5np0.5c320s8.intohylo",1.0,0.5,2.0
"v10m1d1C[[0,0,1]]p[[[],[],[1,3,3,1]]]nm0.5np0.5c320s9.intohylo",2.0,0.5,4.0
"v10m1d1C[[0,0,1]]p[[[],[],[1,3,3,1]]]nm0.5np0.5c340s0.intohylo",0.25,0.5,2.0
"v10m1d1C[[0,0,1]]p[[[],[],[1,3,3,1]]]nm0.5np0.5c340s1.intohylo",0.25,0.5,1.0
"v10m1d1C[[0,0,1]]p[[[],[],[1,3,3,1]]]nm0.5np0.5c340s2.intohylo",1.0,0.5,8.0
"v10m1d1C[[0,0,1]]p[[[],[],[1,3,3,1]]]nm0.5np0.5c340s3.intohylo",0.5,0.5,2.0
"v10m1d1C[[0,0,1]]p[[[],[],[1,3,3,1]]]nm0.5np0.5c340s4.intohylo",0.25,0.25,2.0
"v10m1d1C[[0,0,1]]p[[[],[],[1,3,3,1]]]nm0.5np0.5c340s5.intohylo",1.0,0.5,8.0
"v10m1d1C[[0,0,1]]p[[[],[],[1,3,3,1]]]nm0.5np0.5c340s6.intohylo",0.5,0.5,4.0
"v10m1d1C[[0,0,1]]p[[[],[],[1,3,3,1]]]nm0.5np0.5c340s7.intohylo",0.25,0.25,0.5
"v10m1d1C[[0,0,1]]p[[[],[],[1,3,3,1]]]nm0.5np0.5c340s8.intohylo",0.25,0.5,1.0
"v10m1d1C[[0,0,1]]p[[[],[],[1,3,3,1]]]nm0.5np0.5c340s9.intohylo",0.25,0.25,1.0
"v10m1d2C[[0,0,1]]p[[[],[],[8,36,54,27]]]nm0.5np0.5c160s0.intohylo",0.25,0.5,0.5
"v10m1d2C[[0,0,1]]p[[[],[],[8,36,54,27]]]nm0.5np0.5c160s1.intohylo",2.0,1.0,8.0
"v10m1d2C[[0,0,1]]p[[[],[],[8,36,54,27]]]nm0.5np0.5c160s2.intohylo",0.25,0.5,1.0
"v10m1d2C[[0,0,1]]p[[[],[],[8,36,54,27]]]nm0.5np0.5c160s3.intohylo",0.25,1.0,1.0
"v10m1d2C[[0,0,1]]p[[[],[],[8,36,54,27]]]nm0.5np0.5c160s4.intohylo",0.5,1.0,2.0
"v10m1d2C[[0,0,1]]p[[[],[],[8,36,54,27]]]nm0.5np0.5c160s5.intohylo",0.5,1.0,2.0
"v10m1d2C[[0,0,1]]p[[[],[],[8,36,54,27]]]nm0.5np0.5c160s6.intohylo",0.25,1.0,0.5
"v10m1d2C[[0,0,1]]p[[[],[],[8,36,54,27]]]nm0.5np0.5c160s7.intohylo",1.0,0.5,0.5
"v10m1d2C[[0,0,1]]p[[[],[],[8,36,54,27]]]nm0.5np0.5c160s8.intohylo",0.5,0.5,1.0
"v10m1d2C[[0,0,1]]p[[[],[],[8,36,54,27]]]nm0.5np0.5c160s9.intohylo",0.25,1.0,0.5
"v10m1d2C[[0,0,1]]p[[[],[],[8,36,54,27]]]nm0.5np0.5c180s0.intohylo",0.25,0.5,1.0
"v10m1d2C[[0,0,1]]p[[[],[],[8,36,54,27]]]nm0.5np0.5c180s1.intohylo",0.5,1.0,1.0
"v10m1d2C[[0,0,1]]p[[[],[],[8,36,54,27]]]nm0.5np0.5c180s2.intohylo",0.25,1.0,1.0
"v10m1d2C[[0,0,1]]p[[[],[],[8,36,54,27]]]nm0.5np0.5c180s3.intohylo",0.25,1.0,0.5
"v10m1d2C[[0,0,1]]p[[[],[],[8,36,54,27]]]nm0.5np0.5c180s4.intohylo",0.5,1.0,-1.0
"v10m1d2C[[0,0,1]]p[[[],[],[8,36,54,27]]]nm0.5np0.5c180s5.intohylo",1.0,2.0,-1.0
"v10m1d2C[[0,0,1]]p[[[],[],[8,36,54,27]]]nm0.5np0.5c180s6.intohylo",1.0,1.0,4.0
"v10m1d2C[[0,0,1]]p[[[],[],[8,36,54,27]]]nm0.5np0.5c180s7.intohylo",0.25,1.0,1.0
"v10m1d2C[[0,0,1]]p[[[],[],[8,36,54,27]]]nm0.5np0.5c180s8.intohylo",0.25,0.25,0.5
"v10m1d2C[[0,0,1]]p[[[],[],[8,36,54,27]]]nm0.5np0.5c180s9.intohylo",0.5,0.5,1.0
"v10m1d2C[[0,0,1]]p[[[],[],[8,36,54,27]]]nm0.5np0.5c200s0.intohylo",4.0,4.0,2.0
"v10m1d2C[[0,0,1]]p[[[],[],[8,36,54,27]]]nm0.5np0.5c200s1.intohylo",0.25,1.0,1.0
"v10m1d2C[[0,0,1]]p[[[],[],[8,36,54,27]]]nm0.5np0.5c200s2.intohylo",0.5,2.0,8.0
"v10m1d2C[[0,0,1]]p[[[],[],[8,36,54,27]]]nm0.5np0.5c200s3.intohylo",0.25,2.0,1.0
"v10m1d2C[[0,0,1]]p[[[],[],[8,36,54,27]]]nm0.5np0.5c200s4.intohylo",0.25,1.0,2.0
"v10m1d2C[[0,0,1]]p[[[],[],[8,36,54,27]]]nm0.5np0.5c200s5.intohylo",0.25,0.5,0.5
"v10m1d2C[[0,0,1]]p[[[],[],[8,36,54,27]]]nm0.5np0.5c200s6.intohylo",0.25,1.0,1.0
"v10m1d2C[[0,0,1]]p[[[],[],[8,36,54,27]]]nm0.5np0.5c200s7.intohylo",0.25,1.0,1.0
"v10m1d2C[[0,0,1]]p[[[],[],[8,36,54,27]]]nm0.5np0.5c200s8.intohylo",0.25,1.0,1.0
"v10m1d2C[[0,0,1]]p[[[],[],[8,36,54,27]]]nm0.5np0.5c200s9.intohylo",0.25,1.0,0.5
"v10m1d2C[[0,0,1]]p[[[],[],[8,36,54,27]]]nm0.5np0.5c220s0.intohylo",2.0,2.0,4.0
"v10m1d2C[[0,0,1]]p[[[],[],[8,36,54,27]]]nm0.5np0.5c220s1.intohylo",0.25,2.0,1.0
"v10m1d2C[[0,0,1]]p[[[],[],[8,36,54,27]]]nm0.5np0.5c220s2.intohylo",0.25,0.5,0.5
"v10m1d2C[[0,0,1]]p[[[],[],[8,36,54,27]]]nm0.5np0.5c220s3.intohylo",0.25,1.0,1.0
"v10m1d2C[[0,0,1]]p[[[],[],[8,36,54,27]]]nm0.5np0.5c220s4.intohylo",0.25,1.0,2.0
"v10m1d2C[[0,0,1]]p[[[],[],[8,36,54,27]]]nm0.5np0.5c220s5.intohylo",0.25,1.0,1.0
"v10m1d2C[[0,0,1]]p[[[],[],[8,36,54,27]]]nm0.5np0.5c220s6.intohylo",0.25,1.0,2.0
"v10m1d2C[[0,0,1]]p[[[],[],[8,36,54,27]]]nm0.5np0.5c220s7.intohylo",1.0,1.0,2.0
"v10m1d2C[[0,0,1]]p[[[],[],[8,36,54,27]]]nm0.5np0.5c220s8.intohylo",0.25,1.0,1.0
"v10m1d2C[[0,0,1]]p[[[],[],[8,36,54,27]]]nm0.5np0.5c220s9.intohylo",1.0,4.0,-1.0
"v10m1d2C[[0,0,1]]p[[[],[],[8,36,54,27]]]nm0.5np0.5c240s0.intohylo",0.25,0.5,0.5
"v10m1d2C[[0,0,1]]p[[[],[],[8,36,54,27]]]nm0.5np0.5c240s1.intohylo",1.0,2.0,-1.0
"v10m1d2C[[0,0,1]]p[[[],[],[8,36,54,27]]]nm0.5np0.5c240s2.intohylo",0.25,0.5,0.5
"v10m1d2C[[0,0,1]]p[[[],[],[8,36,54,27]]]nm0.5np0.5c240s3.intohylo",0.25,0.5,0.5
"v10m1d2C[[0,0,1]]p[[[],[],[8,36,54,27]]]nm0.5np0.5c240s4.intohylo",0.5,1.0,8.0
"v10m1d2C[[0,0,1]]p[[[],[],[8,36,54,27]]]nm0.5np0.5c240s5.intohylo",0.25,0.5,1.0
"v10m1d2C[[0,0,1]]p[[[],[],[8,36,54,27]]]nm0.5np0.5c240s6.intohylo",1.0,1.0,2.0
"v10m1d2C[[0,0,1]]p[[[],[],[8,36,54,27]]]nm0.5np0.5c240s7.intohylo",0.25,0.5,0.5
"v10m1d2C[[0,0,1]]p[[[],[],[8,36,54,27]]]nm0.5np0.5c240s8.intohylo",0.25,0.5,0.5
"v10m1d2C[[0,0,1]]p[[[],[],[8,36,54,27]]]nm0.5np0.5c240s9.intohylo",0.25,2.0,2.0
"v10m1d2C[[0,0,1]]p[[[],[],[8,36,54,27]]]nm0.5np0.5c260s0.intohylo",0.25,1.0,1.0
"v10m1d2C[[0,0,1]]p[[[],[],[8,36,54,27]]]nm0.5np0.5c260s1.intohylo",0.25,1.0,1.0
"v10m1d2C[[0,0,1]]p[[[],[],[8,36,54,27]]]nm0.5np0.5c260s2.intohylo",0.25,0.5,1.0
"v10m1d2C[[0,0,1]]p[[[],[],[8,36,54,27]]]nm0.5np0.5c260s3.intohylo",0.25,0.5,0.5
"v10m1d2C[[0,0,1]]p[[[],[],[8,36,54,27]]]nm0.5np0.5c260s4.intohylo",0.25,1.0,1.0
"v10m1d2C[[0,0,1]]p[[[],[],[8,36,54,27]]]nm0.5np0.5c260s5.intohylo",0.25,0.5,1.0
"v10m1d2C[[0,0,1]]p[[[],[],[8,36,54,27]]]nm0.5np0.5c260s6.intohylo",0.25,1.0,1.0
"v10m1d2C[[0,0,1]]p[[[],[],[8,36,54,27]]]nm0.5np0.5c260s7.intohylo",0.25,0.5,0.5
"v10m1d2C[[0,0,1]]p[[[],[],[8,36,54,27]]]nm0.5np0.5c260s8.intohylo",0.25,2.0,2.0
"v10m1d2C[[0,0,1]]p[[[],[],[8,36,54,27]]]nm0.5np0.5c260s9.intohylo",0.25,0.5,2.0
"v10m1d2C[[0,0,1]]p[[[],[],[8,36,54,27]]]nm0.5np0.5c280s0.intohylo",0.25,0.5,0.5
"v10m1d2C[[0,0,1]]p[[[],[],[8,36,54,27]]]nm0.5np0.5c280s1.intohylo",0.25,1.0,2.0
"v10m1d2C[[0,0,1]]p[[[],[],[8,36,54,27]]]nm0.5np0.5c280s2.intohylo",0.25,0.5,1.0
"v10m1d2C[[0,0,1]]p[[[],[],[8,36,54,27]]]nm0.5np0.5c280s3.intohylo",0.25,0.5,1.0
"v10m1d2C[[0,0,1]]p[[[],[],[8,36,54,27]]]nm0.5np0.5c280s4.intohylo",0.25,0.5,1.0
"v10m1d2C[[0,0,1]]p[[[],[],[8,36,54,27]]]nm0.5np0.5c280s5.intohylo",0.25,0.5,1.0
"v10m1d2C[[0,0,1]]p[[[],[],[8,36,54,27]]]nm0.5np0.5c280s6.intohylo",0.25,1.0,1.0
"v10m1d2C[[0,0,1]]p[[[],[],[8,36,54,27]]]nm0.5np0.5c280s7.intohylo",0.25,0.5,1.0
"v10m1d2C[[0,0,1]]p[[[],[],[8,36,54,27]]]nm0.5np0.5c280s8.intohylo",0.25,0.5,1.0
"v10m1d2C[[0,0,1]]p[[[],[],[8,36,54,27]]]nm0.5np0.5c280s9.intohylo",0.25,0.5,1.0
"v10m1d2C[[0,0,1]]p[[[],[],[8,36,54,27]]]nm0.5np0.5c300s0.intohylo",0.25,1.0,1.0
"v10m1d2C[[0,0,1]]p[[[],[],[8,36,54,27]]]nm0.5np0.5c300s1.intohylo",0.25,1.0,1.0
"v10m1d2C[[0,0,1]]p[[[],[],[8,36,54,27]]]nm0.5np0.5c300s2.intohylo",0.25,0.5,1.0
"v10m1d2C[[0,0,1]]p[[[],[],[8,36,54,27]]]nm0.5np0.5c300s3.intohylo",0.25,1.0,1.0
"v10m1d2C[[0,0,1]]p[[[],[],[8,36,54,27]]]nm0.5np0.5c300s4.intohylo",0.25,1.0,1.0
"v10m1d2C[[0,0,1]]p[[[],[],[8,36,54,27]]]nm0.5np0.5c300s5.intohylo",0.25,0.5,1.0
"v10m1d2C[[0,0,1]]p[[[],[],[8,36,54,27]]]nm0.5np0.5c300s6.intohylo",0.25,1.0,1.0
"v10m1d2C[[0,0,1]]p[[[],[],[8,36,54,27]]]nm0.5np0.5c300s7.intohylo",0.25,1.0,2.0
"v10m1d2C[[0,0,1]]p[[[],[],[8,36,54,27]]]nm0.5np0.5c300s8.intohylo",0.25,0.5,1.0
"v10m1d2C[[0,0,1]]p[[[],[],[8,36,54,27]]]nm0.5np0.5c300s9.intohylo",0.25,1.0,1.0
"v10m1d2C[[0,0,1]]p[[[],[],[8,36,54,27]]]nm0.5np0.5c320s0.intohylo",0.25,1.0,1.0
"v10m1d2C[[0,0,1]]p[[[],[],[8,36,54,27]]]nm0.5np0.5c320s1.intohylo",0.25,1.0,1.0
"v10m1d2C[[0,0,1]]p[[[],[],[8,36,54,27]]]nm0.5np0.5c320s2.intohylo",0.25,1.0,1.0
"v10m1d2C[[0,0,1]]p[[[],[],[8,36,54,27]]]nm0.5np0.5c320s3.intohylo",0.25,1.0,2.0
"v10m1d2C[[0,0,1]]p[[[],[],[8,36,54,27]]]nm0.5np0.5c320s4.intohylo",0.25,1.0,2.0
"v10m1d2C[[0,0,1]]p[[[],[],[8,36,54,27]]]nm0.5np0.5c320s5.intohylo",0.25,2.0,2.0
"v10m1d2C[[0,0,1]]p[[[],[],[8,36,54,27]]]nm0.5np0.5c320s6.intohylo",0.5,1.0,-1.0
"v10m1d2C[[0,0,1]]p[[[],[],[8,36,54,27]]]nm0.5np0.5c320s7.intohylo",0.25,1.0,1.0
"v10m1d2C[[0,0,1]]p[[[],[],[8,36,54,27]]]nm0.5np0.5c320s8.intohylo",0.25,1.0,1.0
"v10m1d2C[[0,0,1]]p[[[],[],[8,36,54,27]]]nm0.5np0.5c320s9.intohylo",0.25,1.0,1.0
